日期,事件,疫苗抵臺,累計疫苗抵臺,疫苗檢查,單日疫苗釋出,累計疫苗釋出,單日疫苗配送,累計配送,累計配送MDN,單日公費施打,單日自費施打,單日施打,累計公費施打,累計自費施打,累計施打,次日回補施打,校正累計施打,新增品牌_AZ,累計品牌_AZ,新增品牌_MDN,累計品牌_MDN,累計品牌_BNT,累計品牌_高端,累計第一類醫療,累計第一類醫療2,累計第二類防疫,累計第二類防疫2,累計第三類第一線,累計第三類第一線2,累計第四類維持,累計第四類維持2,累計第五類機構,累計第五類機構2,累計第六類國安,累計第六類國安2,累計第七類高風險,累計第七類高風險2,累計第八類出國,累計第八類出國2,累計自費,累計第一類醫療_臺北市,累計第二類防疫_臺北市,累計第三類第一線_臺北市,未施打第一類醫療_臺北市,未施打第二類防疫_臺北市,未施打第三類第一線_臺北市,累計自費2,累計其他,累計其他2,累計第一劑,累計第二劑,剩餘疫苗_中央,剩餘疫苗_臺北市,推估剩餘疫苗,疫苗參考,疫苗參考2,備註,單日境外確診,累計境外確診,單日本土確診,單日本土增補,完成本土增補,累計本土確診,累計敦睦確診,累計航空器確診,累計不明確診,調查中確診,單日移除確診,累計移除確診,總累計確診,解隔離,單日死亡,累計死亡,單週新增確診_臺北市,新增確診_臺北市,新增確診_新北市,新增確診_桃園市,新增確診_臺中市,新增確診_臺南市,新增確診_高雄市,新增確診_苗栗縣,新增確診_基隆市,新增確診_嘉義縣,新增確診_彰化縣,新增確診_花蓮縣,確診參考1,確診參考2,新增配送劑數_臺北市,新增配送劑數_新北市,新增配送劑數_桃園市,新增配送劑數_臺中市,新增配送劑數_臺南市,新增配送劑數_高雄市,新增配送劑數_新竹縣,新增配送劑數_彰化縣,新增配送劑數_雲林縣,新增配送劑數_屏東縣,新增配送劑數_基隆市,新增配送劑數_宜蘭縣,新增配送劑數_新竹市,新增配送劑數_苗栗縣,新增配送劑數_嘉義市,新增配送劑數_嘉義縣,新增配送劑數_花蓮縣,新增配送劑數_臺東縣,新增配送劑數_南投縣,新增配送劑數_澎湖縣,新增配送劑數_金門縣,新增配送劑數_連江縣,累計配送劑數_臺北市,累計配送劑數_新北市,累計配送劑數_桃園市,累計配送劑數_臺中市,累計配送劑數_臺南市,累計配送劑數_高雄市,累計配送劑數_新竹縣,累計配送劑數_彰化縣,累計配送劑數_雲林縣,累計配送劑數_屏東縣,累計配送劑數_基隆市,累計配送劑數_宜蘭縣,累計配送劑數_新竹市,累計配送劑數_苗栗縣,累計配送劑數_嘉義市,累計配送劑數_嘉義縣,累計配送劑數_花蓮縣,累計配送劑數_臺東縣,累計配送劑數_南投縣,累計配送劑數_澎湖縣,累計配送劑數_金門縣,累計配送劑數_連江縣,配送參考,累計MDN配送劑數_臺北市,累計MDN配送劑數_新北市,累計MDN配送劑數_桃園市,累計MDN配送劑數_臺中市,累計MDN配送劑數_臺南市,累計MDN配送劑數_高雄市,累計MDN配送劑數_新竹縣,累計MDN配送劑數_彰化縣,累計MDN配送劑數_雲林縣,累計MDN配送劑數_屏東縣,累計MDN配送劑數_基隆市,累計MDN配送劑數_宜蘭縣,累計MDN配送劑數_新竹市,累計MDN配送劑數_苗栗縣,累計MDN配送劑數_嘉義市,累計MDN配送劑數_嘉義縣,累計MDN配送劑數_花蓮縣,累計MDN配送劑數_臺東縣,累計MDN配送劑數_南投縣,累計MDN配送劑數_澎湖縣,累計MDN配送劑數_金門縣,累計MDN配送劑數_連江縣,臺北市,新北市,桃園市,臺中市,臺南市,高雄市,新竹縣,彰化縣,雲林縣,屏東縣,基隆市,宜蘭縣,新竹市,苗栗縣,嘉義市,嘉義縣,花蓮縣,臺東縣,南投縣,澎湖縣,金門縣,連江縣,前次累計接種人數更新_臺北市,校正接種人數_臺北市,新增接種人數_臺北市,累計接種人數_臺北市,前次累計接種人數更新_新北市,校正接種人數_新北市,新增接種人數_新北市,累計接種人數_新北市,前次累計接種人數更新_臺中市,校正接種人數_臺中市,新增接種人數_臺中市,累計接種人數_臺中市,前次累計接種人數更新_高雄市,校正接種人數_高雄市,新增接種人數_高雄市,累計接種人數_高雄市,前次累計接種人數更新_桃園市,校正接種人數_桃園市,新增接種人數_桃園市,累計接種人數_桃園市,前次累計接種人數更新_臺南市,校正接種人數_臺南市,新增接種人數_臺南市,累計接種人數_臺南市,前次累計接種人數更新_彰化縣,校正接種人數_彰化縣,新增接種人數_彰化縣,累計接種人數_彰化縣,前次累計接種人數更新_屏東縣,校正接種人數_屏東縣,新增接種人數_屏東縣,累計接種人數_屏東縣,前次累計接種人數更新_新竹縣,校正接種人數_新竹縣,新增接種人數_新竹縣,累計接種人數_新竹縣,前次累計接種人數更新_雲林縣,校正接種人數_雲林縣,新增接種人數_雲林縣,累計接種人數_雲林縣,前次累計接種人數更新_新竹市,校正接種人數_新竹市,新增接種人數_新竹市,累計接種人數_新竹市,前次累計接種人數更新_花蓮縣,校正接種人數_花蓮縣,新增接種人數_花蓮縣,累計接種人數_花蓮縣,前次累計接種人數更新_嘉義市,校正接種人數_嘉義市,新增接種人數_嘉義市,累計接種人數_嘉義市,前次累計接種人數更新_宜蘭縣,校正接種人數_宜蘭縣,新增接種人數_宜蘭縣,累計接種人數_宜蘭縣,前次累計接種人數更新_南投縣,校正接種人數_南投縣,新增接種人數_南投縣,累計接種人數_南投縣,前次累計接種人數更新_嘉義縣,校正接種人數_嘉義縣,新增接種人數_嘉義縣,累計接種人數_嘉義縣,前次累計接種人數更新_基隆市,校正接種人數_基隆市,新增接種人數_基隆市,累計接種人數_基隆市,前次累計接種人數更新_苗栗縣,校正接種人數_苗栗縣,新增接種人數_苗栗縣,累計接種人數_苗栗縣,前次累計接種人數更新_臺東縣,校正接種人數_臺東縣,新增接種人數_臺東縣,累計接種人數_臺東縣,前次累計接種人數更新_澎湖縣,校正接種人數_澎湖縣,新增接種人數_澎湖縣,累計接種人數_澎湖縣,前次累計接種人數更新_金門縣,校正接種人數_金門縣,新增接種人數_金門縣,累計接種人數_金門縣,前次累計接種人數更新_連江縣,校正接種人數_連江縣,新增接種人數_連江縣,累計接種人數_連江縣
2020-10-27,,,,,,,,,,,,,,,,,,,,,,,,,,,,,,,,,,,,,,,,,,,,,,,,,,,,,,,,,,,,,,,,,,,,,,,,,,,,,,,,,,,,,,,,,,,,,,,,,,,,,,,,,,,,,,,,,,,,,,,,,,,,,,,,,,,,,,,,,,,,,,,,,,,,,,,,,,,,,,,,,,,,,,,,,,,,,,,,,,,,,,,,,,,,,,,,,,,,,,,,,,,,,,,,,,,,,,,,,,,,,,,,,,,,,,,,,,,,,,,,,,,,,,,,,,,,,,,,,,,,,,,,
2020-10-28,,,0.0,,,0.0,,,,,,,,,,,,,,,,,,,,,,,,,,,,,,,,,,,,,,,,,,,,,,,,,,,,3.0,461.0,0.0,0.0,,55.0,36.0,2.0,1.0,,0.0,0.0,553.0,513.0,,7.0,,,,,,,,,,,,,,,,,,,,,,,,,,,,,,,,,,,,,,,,,,,,,,,,,,,,,,,,,,,,,,,,,,,,,,,,,,,,,,,,,,,,,,,,,,,,,,,,,,,,,,,,,,,,,,,,,,,,,,,,,,,,,,,,,,,,,,,,,,,,,,,,,,,,,,,,,,,,,,,,,,,,,,,,,,,,,,,,,,,,,,,,,,,,,,,
2020-10-29,,,0.0,,,0.0,,,,,,,,,,,,,,,,,,,,,,,,,,,,,,,,,,,,,,,,,,,,,,,,,,,,1.0,462.0,0.0,0.0,,55.0,36.0,2.0,1.0,,1.0,1.0,554.0,514.0,0.0,7.0,,,,,,,,,,,,,,,,,,,,,,,,,,,,,,,,,,,,,,,,,,,,,,,,,,,,,,,,,,,,,,,,,,,,,,,,,,,,,,,,,,,,,,,,,,,,,,,,,,,,,,,,,,,,,,,,,,,,,,,,,,,,,,,,,,,,,,,,,,,,,,,,,,,,,,,,,,,,,,,,,,,,,,,,,,,,,,,,,,,,,,,,,,,,,,,
2020-10-30,,,0.0,,,0.0,,,,,,,,,,,,,,,,,,,,,,,,,,,,,,,,,,,,,,,,,,,,,,,,,,,,1.0,463.0,0.0,0.0,,55.0,36.0,2.0,1.0,,0.0,1.0,555.0,515.0,0.0,7.0,,,,,,,,,,,,,,,,,,,,,,,,,,,,,,,,,,,,,,,,,,,,,,,,,,,,,,,,,,,,,,,,,,,,,,,,,,,,,,,,,,,,,,,,,,,,,,,,,,,,,,,,,,,,,,,,,,,,,,,,,,,,,,,,,,,,,,,,,,,,,,,,,,,,,,,,,,,,,,,,,,,,,,,,,,,,,,,,,,,,,,,,,,,,,,,
2021-01-28,,,0.0,,,0.0,,,,,,,,,,,,,,,,,,,,,,,,,,,,,,,,,,,,,,,,,,,,,,,,,,,,4.0,789.0,0.0,0.0,,71.0,36.0,2.0,1.0,,0.0,1.0,899.0,813.0,0.0,7.0,,,,,,,,,,,,,,,,,,,,,,,,,,,,,,,,,,,,,,,,,,,,,,,,,,,,,,,,,,,,,,,,,,,,,,,,,,,,,,,,,,,,,,,,,,,,,,,,,,,,,,,,,,,,,,,,,,,,,,,,,,,,,,,,,,,,,,,,,,,,,,,,,,,,,,,,,,,,,,,,,,,,,,,,,,,,,,,,,,,,,,,,,,,,,,,
2021-01-29,,,0.0,,,0.0,,,,,,,,,,,,,,,,,,,,,,,,,,,,,,,,,,,,,,,,,,,,,,,,,,,,6.0,795.0,4.0,0.0,,75.0,36.0,2.0,1.0,,0.0,1.0,909.0,823.0,1.0,8.0,,,,,,,,,,,,,,,,,,,,,,,,,,,,,,,,,,,,,,,,,,,,,,,,,,,,,,,,,,,,,,,,,,,,,,,,,,,,,,,,,,,,,,,,,,,,,,,,,,,,,,,,,,,,,,,,,,,,,,,,,,,,,,,,,,,,,,,,,,,,,,,,,,,,,,,,,,,,,,,,,,,,,,,,,,,,,,,,,,,,,,,,,,,,,,,
2021-02-02,,,0.0,,,0.0,,,,,,,,,,,,,,,,,,,,,,,,,,,,,,,,,,,,,,,,,,,,,,,,,,,,,803.0,0.0,0.0,,75.0,36.0,2.0,1.0,,0.0,1.0,917.0,834.0,0.0,8.0,,,,,,,,,,,,,,,,,,,,,,,,,,,,,,,,,,,,,,,,,,,,,,,,,,,,,,,,,,,,,,,,,,,,,,,,,,,,,,,,,,,,,,,,,,,,,,,,,,,,,,,,,,,,,,,,,,,,,,,,,,,,,,,,,,,,,,,,,,,,,,,,,,,,,,,,,,,,,,,,,,,,,,,,,,,,,,,,,,,,,,,,,,,,,,,
2021-02-03,,,0.0,,,0.0,,,,,,,,,,,,,,,,,,,,,,,,,,,,,,,,,,,,,,,,,,,,,,,,,,,,2.0,805.0,0.0,0.0,,75.0,36.0,2.0,1.0,,,,919.0,839.0,1.0,9.0,,,,,,,,,,,,,,,,,,,,,,,,,,,,,,,,,,,,,,,,,,,,,,,,,,,,,,,,,,,,,,,,,,,,,,,,,,,,,,,,,,,,,,,,,,,,,,,,,,,,,,,,,,,,,,,,,,,,,,,,,,,,,,,,,,,,,,,,,,,,,,,,,,,,,,,,,,,,,,,,,,,,,,,,,,,,,,,,,,,,,,,,,,,,,,,
2021-02-04,,,0.0,,,0.0,,,,,,,,,,,,,,,,,,,,,,,,,,,,,,,,,,,,,,,,,,,,,,,,,,,,3.0,808.0,1.0,0.0,,76.0,36.0,2.0,1.0,,0.0,1.0,923.0,841.0,0.0,9.0,,,,,,,,,,,,,,,,,,,,,,,,,,,,,,,,,,,,,,,,,,,,,,,,,,,,,,,,,,,,,,,,,,,,,,,,,,,,,,,,,,,,,,,,,,,,,,,,,,,,,,,,,,,,,,,,,,,,,,,,,,,,,,,,,,,,,,,,,,,,,,,,,,,,,,,,,,,,,,,,,,,,,,,,,,,,,,,,,,,,,,,,,,,,,,,
2021-02-08,,,0.0,,,0.0,,,,,,,,,,,,,,,,,,,,,,,,,,,,,,,,,,,,,,,,,,,,,,,,,,,,4.0,817.0,1.0,0.0,,77.0,36.0,2.0,1.0,,0.0,1.0,933.0,850.0,0.0,9.0,,,,,,,,,,,,,,,,,,,,,,,,,,,,,,,,,,,,,,,,,,,,,,,,,,,,,,,,,,,,,,,,,,,,,,,,,,,,,,,,,,,,,,,,,,,,,,,,,,,,,,,,,,,,,,,,,,,,,,,,,,,,,,,,,,,,,,,,,,,,,,,,,,,,,,,,,,,,,,,,,,,,,,,,,,,,,,,,,,,,,,,,,,,,,,,
2021-03-01,,,0.0,,,0.0,,0.0,,,,0.0,,,0.0,0.0,0.0,,0.0,,,,,,,,,,,,,,,,,,,,,,,,,,,,,,,,,,,0.0,,,,,,0.0,0.0,,77.0,36.0,2.0,,,0.0,1.0,,,0.0,9.0,,,,,,,,,,,,,,,,,,,,,,,,,,,,,,,,,,,,,,,,,,,,,,,,,,,,,,,,,,,,,,,,,,,,,,,,,,,,,,,,,,,,,,,,,,,,,,,,,,,,,,,,,,,,,,,,,,,,,,,,,,,,,,,,,,,,,,,,,,,,,,,,,,,,,,,,,,,,,,,,,,,,,,,,,,,,,,,,,,,,,,,,,,,,,,,
2021-03-02,,,0.0,,,0.0,,0.0,,,,0.0,,,0.0,0.0,0.0,,0.0,,,,,,,,,,,,,,,,,,,,,,,,,,,,,,,,,,,0.0,,,,3.0,842.0,0.0,0.0,,77.0,36.0,2.0,1.0,,0.0,1.0,958.0,926.0,0.0,9.0,,,,,,,,,,,,,,,,,,,,,,,,,,,,,,,,,,,,,,,,,,,,,,,,,,,,,,,,,,,,,,,,,,,,,,,,,,,,,,,,,,,,,,,,,,,,,,,,,,,,,,,,,,,,,,,,,,,,,,,,,,,,,,,,,,,,,,,,,,,,,,,,,,,,,,,,,,,,,,,,,,,,,,,,,,,,,,,,,,,,,,,,,,,,,,,
2021-03-03,AZ#1抵臺11.7萬劑,117000.0,117000.0,,0.0,0.0,,0.0,,,,0.0,,,0.0,0.0,0.0,,0.0,,,,,,,,,,,,,,,,,,,,,,,,,,,,,,,,,,,0.0,,,,2.0,844.0,0.0,0.0,,77.0,36.0,2.0,1.0,,0.0,1.0,960.0,928.0,0.0,9.0,,,,,,,,,,,,,,,,,,,,,,,,,,,,,,,,,,,,,,,,,,,,,,,,,,,,,,,,,,,,,,,,,,,,,,,,,,,,,,,,,,,,,,,,,,,,,,,,,,,,,,,,,,,,,,,,,,,,,,,,,,,,,,,,,,,,,,,,,,,,,,,,,,,,,,,,,,,,,,,,,,,,,,,,,,,,,,,,,,,,,,,,,,,,,,,
2021-03-04,,,117000.0,,0.0,0.0,,0.0,,,,0.0,,,0.0,0.0,0.0,,0.0,,,,,,,,,,,,,,,,,,,,,,,,,,,,,,,,,,,0.0,,,,2.0,844.0,0.0,0.0,,77.0,36.0,2.0,1.0,,0.0,1.0,960.0,,0.0,9.0,,,,,,,,,,,,,,,,,,,,,,,,,,,,,,,,,,,,,,,,,,,,,,,,,,,,,,,,,,,,,,,,,,,,,,,,,,,,,,,,,,,,,,,,,,,,,,,,,,,,,,,,,,,,,,,,,,,,,,,,,,,,,,,,,,,,,,,,,,,,,,,,,,,,,,,,,,,,,,,,,,,,,,,,,,,,,,,,,,,,,,,,,,,,,,,
2021-03-05,,,117000.0,,0.0,0.0,,0.0,,,,0.0,,,0.0,0.0,0.0,,0.0,,,,,,,,,,,,,,,,,,,,,,,,,,,,,,,,,,,0.0,,,,7.0,851.0,0.0,0.0,,77.0,36.0,2.0,1.0,,0.0,1.0,967.0,932.0,1.0,10.0,,,,,,,,,,,,,,,,,,,,,,,,,,,,,,,,,,,,,,,,,,,,,,,,,,,,,,,,,,,,,,,,,,,,,,,,,,,,,,,,,,,,,,,,,,,,,,,,,,,,,,,,,,,,,,,,,,,,,,,,,,,,,,,,,,,,,,,,,,,,,,,,,,,,,,,,,,,,,,,,,,,,,,,,,,,,,,,,,,,,,,,,,,,,,,,
2021-03-06,,,117000.0,,0.0,0.0,,0.0,,,,0.0,,,0.0,0.0,0.0,,0.0,,,,,,,,,,,,,,,,,,,,,,,,,,,,,,,,,,,0.0,,,,,,0.0,0.0,,77.0,36.0,2.0,1.0,,0.0,1.0,,,0.0,10.0,,,,,,,,,,,,,,,,,,,,,,,,,,,,,,,,,,,,,,,,,,,,,,,,,,,,,,,,,,,,,,,,,,,,,,,,,,,,,,,,,,,,,,,,,,,,,,,,,,,,,,,,,,,,,,,,,,,,,,,,,,,,,,,,,,,,,,,,,,,,,,,,,,,,,,,,,,,,,,,,,,,,,,,,,,,,,,,,,,,,,,,,,,,,,,,
2021-03-07,,,117000.0,,0.0,0.0,,0.0,,,,0.0,,,0.0,0.0,0.0,,0.0,,,,,,,,,,,,,,,,,,,,,,,,,,,,,,,,,,,0.0,,,,,,0.0,0.0,,77.0,36.0,2.0,1.0,,0.0,1.0,,,0.0,10.0,,,,,,,,,,,,,,,,,,,,,,,,,,,,,,,,,,,,,,,,,,,,,,,,,,,,,,,,,,,,,,,,,,,,,,,,,,,,,,,,,,,,,,,,,,,,,,,,,,,,,,,,,,,,,,,,,,,,,,,,,,,,,,,,,,,,,,,,,,,,,,,,,,,,,,,,,,,,,,,,,,,,,,,,,,,,,,,,,,,,,,,,,,,,,,,
2021-03-08,,,117000.0,,0.0,0.0,,0.0,,,,0.0,,,0.0,0.0,0.0,,0.0,,,,,,,,,,,,,,,,,,,,,,,,,,,,,,,,,,,0.0,,,,,,0.0,0.0,,77.0,36.0,2.0,1.0,,0.0,1.0,,,0.0,10.0,,,,,,,,,,,,,,,,,,,,,,,,,,,,,,,,,,,,,,,,,,,,,,,,,,,,,,,,,,,,,,,,,,,,,,,,,,,,,,,,,,,,,,,,,,,,,,,,,,,,,,,,,,,,,,,,,,,,,,,,,,,,,,,,,,,,,,,,,,,,,,,,,,,,,,,,,,,,,,,,,,,,,,,,,,,,,,,,,,,,,,,,,,,,,,,
2021-03-09,,,117000.0,,0.0,0.0,,0.0,,,,0.0,,,0.0,0.0,0.0,,0.0,,,,,,,,,,,,,,,,,,,,,,,,,,,,,,,,,,,0.0,,,,,,0.0,0.0,,77.0,36.0,2.0,1.0,,0.0,1.0,,,0.0,10.0,,,,,,,,,,,,,,,,,,,,,,,,,,,,,,,,,,,,,,,,,,,,,,,,,,,,,,,,,,,,,,,,,,,,,,,,,,,,,,,,,,,,,,,,,,,,,,,,,,,,,,,,,,,,,,,,,,,,,,,,,,,,,,,,,,,,,,,,,,,,,,,,,,,,,,,,,,,,,,,,,,,,,,,,,,,,,,,,,,,,,,,,,,,,,,,
2021-03-10,,,117000.0,,0.0,0.0,,0.0,,,,0.0,,,0.0,0.0,0.0,,0.0,,,,,,,,,,,,,,,,,,,,,,,,,,,,,,,,,,,0.0,,,,,,0.0,0.0,,77.0,36.0,2.0,1.0,,0.0,1.0,,,0.0,10.0,,,,,,,,,,,,,,,,,,,,,,,,,,,,,,,,,,,,,,,,,,,,,,,,,,,,,,,,,,,,,,,,,,,,,,,,,,,,,,,,,,,,,,,,,,,,,,,,,,,,,,,,,,,,,,,,,,,,,,,,,,,,,,,,,,,,,,,,,,,,,,,,,,,,,,,,,,,,,,,,,,,,,,,,,,,,,,,,,,,,,,,,,,,,,,,
2021-03-11,,,117000.0,,0.0,0.0,,0.0,,,,0.0,,,0.0,0.0,0.0,,0.0,,,,,,,,,,,,,,,,,,,,,,,,,,,,,,,,,,,0.0,,,,,,0.0,0.0,,77.0,36.0,2.0,1.0,,0.0,1.0,,,0.0,10.0,,,,,,,,,,,,,,,,,,,,,,,,,,,,,,,,,,,,,,,,,,,,,,,,,,,,,,,,,,,,,,,,,,,,,,,,,,,,,,,,,,,,,,,,,,,,,,,,,,,,,,,,,,,,,,,,,,,,,,,,,,,,,,,,,,,,,,,,,,,,,,,,,,,,,,,,,,,,,,,,,,,,,,,,,,,,,,,,,,,,,,,,,,,,,,,
2021-03-12,,,117000.0,,0.0,0.0,,0.0,,,,0.0,,,0.0,0.0,0.0,,0.0,,,,,,,,,,,,,,,,,,,,,,,,,,,,,,,,,,,0.0,,,,,,0.0,0.0,,77.0,36.0,2.0,1.0,,0.0,1.0,,,0.0,10.0,,,,,,,,,,,,,,,,,,,,,,,,,,,,,,,,,,,,,,,,,,,,,,,,,,,,,,,,,,,,,,,,,,,,,,,,,,,,,,,,,,,,,,,,,,,,,,,,,,,,,,,,,,,,,,,,,,,,,,,,,,,,,,,,,,,,,,,,,,,,,,,,,,,,,,,,,,,,,,,,,,,,,,,,,,,,,,,,,,,,,,,,,,,,,,,
2021-03-13,,,117000.0,,0.0,0.0,,0.0,,,,0.0,,,0.0,0.0,0.0,,0.0,,,,,,,,,,,,,,,,,,,,,,,,,,,,,,,,,,,0.0,,,,,,0.0,0.0,,77.0,36.0,2.0,1.0,,0.0,1.0,,,0.0,10.0,,,,,,,,,,,,,,,,,,,,,,,,,,,,,,,,,,,,,,,,,,,,,,,,,,,,,,,,,,,,,,,,,,,,,,,,,,,,,,,,,,,,,,,,,,,,,,,,,,,,,,,,,,,,,,,,,,,,,,,,,,,,,,,,,,,,,,,,,,,,,,,,,,,,,,,,,,,,,,,,,,,,,,,,,,,,,,,,,,,,,,,,,,,,,,,
2021-03-14,,,117000.0,,0.0,0.0,,0.0,,,,0.0,,,0.0,0.0,0.0,,0.0,,,,,,,,,,,,,,,,,,,,,,,,,,,,,,,,,,,0.0,,,,,,0.0,0.0,,77.0,36.0,2.0,1.0,,0.0,1.0,,,0.0,10.0,,,,,,,,,,,,,,,,,,,,,,,,,,,,,,,,,,,,,,,,,,,,,,,,,,,,,,,,,,,,,,,,,,,,,,,,,,,,,,,,,,,,,,,,,,,,,,,,,,,,,,,,,,,,,,,,,,,,,,,,,,,,,,,,,,,,,,,,,,,,,,,,,,,,,,,,,,,,,,,,,,,,,,,,,,,,,,,,,,,,,,,,,,,,,,,
2021-03-15,,,117000.0,,0.0,0.0,,0.0,,,,0.0,,,0.0,0.0,0.0,,0.0,,,,,,,,,,,,,,,,,,,,,,,,,,,,,,,,,,,0.0,,,,,,0.0,0.0,,77.0,36.0,2.0,1.0,,0.0,1.0,,,0.0,10.0,,,,,,,,,,,,,,,,,,,,,,,,,,,,,,,,,,,,,,,,,,,,,,,,,,,,,,,,,,,,,,,,,,,,,,,,,,,,,,,,,,,,,,,,,,,,,,,,,,,,,,,,,,,,,,,,,,,,,,,,,,,,,,,,,,,,,,,,,,,,,,,,,,,,,,,,,,,,,,,,,,,,,,,,,,,,,,,,,,,,,,,,,,,,,,,
2021-03-16,,,117000.0,,0.0,0.0,,0.0,,,,0.0,,,0.0,0.0,0.0,,0.0,,,,,,,,,,,,,,,,,,,,,,,,,,,,,,,,,,,0.0,,,,0.0,874.0,0.0,0.0,,77.0,36.0,2.0,1.0,,0.0,1.0,990.0,956.0,0.0,10.0,,,,,,,,,,,,,https://www.ptt.cc/bbs/nCoV2019/M.1615961026.A.7F5.html,,,,,,,,,,,,,,,,,,,,,,,,,,,,,,,,,,,,,,,,,,,,,,,,,,,,,,,,,,,,,,,,,,,,,,,,,,,,,,,,,,,,,,,,,,,,,,,,,,,,,,,,,,,,,,,,,,,,,,,,,,,,,,,,,,,,,,,,,,,,,,,,,,,,,,,,,,,,,,,,,,,,,,,,,,,,,,,,,,
2021-03-17,AZ#1檢驗完畢,,117000.0,,0.0,0.0,,0.0,,,,0.0,,,0.0,0.0,0.0,,0.0,,,,,,,,,,,,,,,,,,,,,,,,,,,,,,,,,,,0.0,https://www.cdc.gov.tw/Bulletin/Detail/wxf4jk95I4XKlGMzSgHTUQ?typeid=9,,,8.0,882.0,0.0,0.0,,77.0,36.0,2.0,1.0,,0.0,1.0,998.0,958.0,0.0,10.0,,,,,,,,,,,,,https://www.ptt.cc/bbs/nCoV2019/M.1616047279.A.609.html,,,,,,,,,,,,,,,,,,,,,,,,,,,,,,,,,,,,,,,,,,,,,,,,,,,,,,,,,,,,,,,,,,,,,,,,,,,,,,,,,,,,,,,,,,,,,,,,,,,,,,,,,,,,,,,,,,,,,,,,,,,,,,,,,,,,,,,,,,,,,,,,,,,,,,,,,,,,,,,,,,,,,,,,,,,,,,,,,,
2021-03-18,AZ#1封緘,,117000.0,500.0,116500.0,116500.0,,,,,,0.0,,,0.0,0.0,0.0,,0.0,,,,,,,,,,,,,,,,,,,,,,,,,,,,,,,,,,,116500.0,https://www.cdc.gov.tw/Bulletin/Detail/wxf4jk95I4XKlGMzSgHTUQ?typeid=9,,,6.0,888.0,0.0,0.0,,77.0,36.0,2.0,1.0,,0.0,1.0,1004.0,959.0,0.0,10.0,,,,,,,,,,,,,https://www.ptt.cc/bbs/nCoV2019/M.1616133699.A.16A.html,,,,,,,,,,,,,,,,,,,,,,,,,,,,,,,,,,,,,,,,,,,,,,,,,,,,,,,,,,,,,,,,,,,,,,,,,,,,,,,,,,,,,,,,,,,,,,,,,,,,,,,,,,,,,,,,,,,,,,,,,,,,,,,,,,,,,,,,,,,,,,,,,,,,,,,,,,,,,,,,,,,,,,,,,,,,,,,,,,
2021-03-19,,,117000.0,,,116500.0,,,,,,0.0,,,0.0,0.0,0.0,,0.0,,,,,,,,,,,,,,,,,,,,,,,,,,,,,,,,,,,116500.0,,,,1.0,889.0,0.0,0.0,,77.0,36.0,2.0,1.0,,0.0,1.0,1005.0,961.0,0.0,10.0,,,,,,,,,,,,,https://www.ptt.cc/bbs/nCoV2019/M.1616220074.A.70C.html,,,,,,,,,,,,,,,,,,,,,,,,,,,,,,,,,,,,,,,,,,,,,,,,,,,,,,,,,,,,,,,,,,,,,,,,,,,,,,,,,,,,,,,,,,,,,,,,,,,,,,,,,,,,,,,,,,,,,,,,,,,,,,,,,,,,,,,,,,,,,,,,,,,,,,,,,,,,,,,,,,,,,,,,,,,,,,,,,,
2021-03-20,,,117000.0,,,116500.0,,,,,,0.0,,,0.0,0.0,0.0,,0.0,,,,,,,,,,,,,,,,,,,,,,,,,,,,,,,,,,,116500.0,,,,1.0,890.0,0.0,0.0,,77.0,36.0,2.0,1.0,,0.0,1.0,1006.0,963.0,0.0,10.0,,,,,,,,,,,,,https://www.ptt.cc/bbs/nCoV2019/M.1616306564.A.DC8.html,,,,,,,,,,,,,,,,,,,,,,,,,,,,,,,,,,,,,,,,,,,,,,,,,,,,,,,,,,,,,,,,,,,,,,,,,,,,,,,,,,,,,,,,,,,,,,,,,,,,,,,,,,,,,,,,,,,,,,,,,,,,,,,,,,,,,,,,,,,,,,,,,,,,,,,,,,,,,,,,,,,,,,,,,,,,,,,,,,
2021-03-21,,,117000.0,,,116500.0,,,,,,0.0,,,0.0,0.0,0.0,,0.0,,,,,,,,,,,,,,,,,,,,,,,,,,,,,,,,,,,116500.0,,,,0.0,890.0,0.0,0.0,,77.0,36.0,2.0,1.0,,0.0,1.0,1006.0,,0.0,10.0,,,,,,,,,,,,,,,,,,,,,,,,,,,,,,,,,,,,,,,,,,,,,,,,,,,,,,,,,,,,,,,,,,,,,,,,,,,,,,,,,,,,,,,,,,,,,,,,,,,,,,,,,0.0,,,,0.0,,,,0.0,,,,0.0,,,,0.0,,,,0.0,,,,0.0,,,,0.0,,,,0.0,,,,0.0,,,,0.0,,,,0.0,,,,0.0,,,,0.0,,,,0.0,,,,0.0,,,,0.0,,,,0.0,,,,0.0,,,,0.0,,,,0.0,,,,0.0,,
2021-03-22,開始疫苗接種 / AZ#1開打,,117000.0,,,116500.0,,0.0,,,,1578.0,,,1578.0,,1580.0,,,,,,,,,,,,,,,,,,,,,,,,,,,,,,,,,,,,,,https://www.ptt.cc/bbs/nCoV2019/M.1616498291.A.C37.html,,,1.0,891.0,0.0,0.0,,77.0,36.0,2.0,1.0,,0.0,1.0,1007.0,969.0,0.0,10.0,,,,,,,,,,,,,https://www.ptt.cc/bbs/nCoV2019/M.1616479379.A.4F8.html,,,,,,,,,,,,,,,,,,,,,,,,0.0,0.0,0.0,0.0,0.0,0.0,0.0,0.0,0.0,0.0,0.0,0.0,0.0,0.0,0.0,0.0,0.0,0.0,0.0,0.0,0.0,0.0,,,,,,,,,,,,,,,,,,,,,,,,,,,,,,,,,,,,,,,,,,,,,,0.0,302.0,301.0,301.0,0.0,131.0,131.0,131.0,0.0,103.0,103.0,103.0,0.0,353.0,353.0,353.0,0.0,343.0,343.0,343.0,0.0,50.0,50.0,50.0,0.0,22.0,21.0,21.0,0.0,40.0,40.0,40.0,0.0,45.0,45.0,45.0,0.0,0.0,0.0,0.0,0.0,10.0,10.0,10.0,0.0,46.0,46.0,46.0,0.0,0.0,0.0,0.0,0.0,52.0,52.0,52.0,0.0,9.0,9.0,9.0,0.0,33.0,33.0,33.0,0.0,10.0,10.0,10.0,0.0,11.0,11.0,11.0,0.0,10.0,10.0,10.0,0.0,10.0,10.0,10.0,0.0,0.0,0.0,0.0,0.0,0.0,0.0,0.0
2021-03-23,,,117000.0,,,116500.0,,0.0,,,,1638.0,,,3216.0,0.0,3216.0,,3216.0,,,,,,,,,,,,,,,,,,,,,,,,,,,,,,,,,,,113284.0,https://www.ptt.cc/bbs/nCoV2019/M.1616582687.A.25E.html,,,2.0,893.0,0.0,0.0,,77.0,36.0,2.0,1.0,,0.0,1.0,1009.0,969.0,0.0,10.0,,,,,,,,,,,,,https://www.ptt.cc/bbs/nCoV2019/M.1616565749.A.58A.html,,,,,,,,,,,,,,,,,,,,,,,,0.0,0.0,0.0,0.0,0.0,0.0,0.0,0.0,0.0,0.0,0.0,0.0,0.0,0.0,0.0,0.0,0.0,0.0,0.0,0.0,0.0,0.0,,,,,,,,,,,,,,,,,,,,,,,,,,,,,,,,,,,,,,,,,,,,,,302.0,48.0,184.0,486.0,131.0,239.0,107.0,238.0,103.0,371.0,268.0,371.0,353.0,678.0,325.0,678.0,343.0,765.0,422.0,765.0,50.0,121.0,71.0,121.0,22.0,34.0,12.0,34.0,40.0,84.0,44.0,84.0,45.0,112.0,67.0,112.0,0.0,11.0,11.0,11.0,10.0,10.0,0.0,10.0,46.0,46.0,0.0,46.0,0.0,33.0,33.0,33.0,52.0,52.0,0.0,52.0,9.0,19.0,10.0,19.0,33.0,66.0,33.0,66.0,10.0,10.0,0.0,10.0,11.0,21.0,10.0,21.0,10.0,51.0,41.0,51.0,10.0,10.0,0.0,10.0,0.0,0.0,0.0,0.0,0.0,0.0,0.0,0.0
2021-03-24,,,117000.0,,,116500.0,,0.0,,,,1951.0,,,5169.0,0.0,5169.0,,5169.0,,,,,,,,,,,,,,,,,,,,,,,,,,,,,,,,,,,111331.0,https://www.ptt.cc/bbs/nCoV2019/M.1616673953.A.257.html,,,3.0,896.0,0.0,0.0,,77.0,36.0,2.0,1.0,,0.0,1.0,1012.0,971.0,0.0,10.0,,,,,,,,,,,,,https://www.ptt.cc/bbs/nCoV2019/M.1616652122.A.009.html,,,,,,,,,,,,,,,,,,,,,,,,0.0,0.0,0.0,0.0,0.0,0.0,0.0,0.0,0.0,0.0,0.0,0.0,0.0,0.0,0.0,0.0,0.0,0.0,0.0,0.0,0.0,0.0,,,,,,,,,,,,,,,,,,,,,,,,,,,,,,,,,,,,,,,,,,,,,,48.0,,5.0,222.0,239.0,,203.0,442.0,371.0,,281.0,652.0,678.0,,402.0,1080.0,765.0,,324.0,1089.0,121.0,,121.0,242.0,34.0,,32.0,66.0,84.0,,47.0,131.0,112.0,,63.0,175.0,11.0,,0.0,11.0,10.0,,50.0,60.0,46.0,,122.0,168.0,33.0,,0.0,33.0,52.0,,41.0,93.0,19.0,,0.0,19.0,66.0,,33.0,99.0,10.0,,0.0,10.0,21.0,,0.0,21.0,51.0,,0.0,51.0,10.0,,0.0,10.0,0.0,,10.0,10.0,0.0,,0.0,0.0
2021-03-25,,,117000.0,,,116500.0,,,,,,1927.0,,,7096.0,0.0,7096.0,,7096.0,,,,,,,,,,,,,,,,,,,,,,,,,,,,,,,,,,,109404.0,,,次日回推累計,1.0,897.0,0.0,0.0,,77.0,36.0,2.0,1.0,,0.0,1.0,1013.0,973.0,0.0,10.0,,,,,,,,,,,,,https://www.ptt.cc/bbs/nCoV2019/M.1616738483.A.204.html,,,,,,,,,,,,,,,,,,,,,,,,,,,,,,,,,,,,,,,,,,,,,,,,,,,,,,,,,,,,,,,,,,,,,,,,,,,,,,,,,,,,,,,,,,,,,,,,,,,,,,,,,,,,,,,,,,,,,,,,,,,,,,,,,,,,,,,,,,,,,,,,,,,,,,,,,,,,,,,,,,,,,,,,,,,,,,,,,,
2021-03-26,,,117000.0,,,116500.0,,57900.0,,,,2136.0,,,9232.0,0.0,9232.0,,9232.0,,,,,,,,,,,,,,,,,,,,,,,,,,,,,,,,,,,107268.0,https://www.ptt.cc/bbs/nCoV2019/M.1616843168.A.8EC.html,,,7.0,904.0,0.0,0.0,,77.0,36.0,2.0,1.0,,0.0,1.0,,,0.0,10.0,,,,,,,,,,,,,https://www.ptt.cc/bbs/nCoV2019/M.1616823919.A.A09.html,,,,,,,,,,,,,,,,,,,,,,,,,,,,,,,,,,,,,,,,,,,,,,,,,,,,,,,,,,,,,,,,,,,,,,,,,,,,,,,,,,,,,,,,,,,,,,,,,,,,,,,,,,,,,,,,,,,,,,,,,,,,,,,,,,,,,,,,,,,,,,,,,,,,,,,,,,,,,,,,,,,,,,,,,,,,,,,,,,
2021-03-27,,,117000.0,,,116500.0,,,,,,180.0,,,9412.0,0.0,9412.0,,9412.0,,,,,,,,,,,,,,,,,,,,,,,,,,,,,,,,,,,107088.0,,,次日回推累計,2.0,906.0,0.0,0.0,,77.0,36.0,2.0,1.0,,0.0,1.0,1022.0,,0.0,10.0,,,,,,,,,,,,,,,,,,,,,,,,,,,,,,,,,,,,,,,,,,,,,,,,,,,,,,,,,,,,,,,,,,,,,,,,,,,,,,,,,,,,,,,,,,,,,,,,,,,,,,,,,,,,,,,,,,,,,,,,,,,,,,,,,,,,,,,,,,,,,,,,,,,,,,,,,,,,,,,,,,,,,,,,,,,,,,,,,,,,,,,,,,,,,,,
2021-03-28,,,117000.0,,,116500.0,,,,,,0.0,,,9412.0,0.0,9412.0,,9412.0,,,,,,,,,,,,,,,,,,,,,,,,,,,,,,,,,,,107088.0,,,,1.0,907.0,0.0,0.0,,77.0,36.0,2.0,1.0,,0.0,1.0,,,0.0,10.0,,,,,,,,,,,,,,,,,,,,,,,,,,,,,,,,,,,,,,,,,,,,,,,,,,,,,,,,,,,,,,,,,,,,,,,,,,,,,,,,,,,,,,,,,,,,,,,,,,,,,,,,,,,,,,,,,,,,,,,,,,,,,,,,,,,,,,,,,,,,,,,,,,,,,,,,,,,,,,,,,,,,,,,,,,,,,,,,,,,,,,,,,,,,,,,
2021-03-29,,,117000.0,,,116500.0,,,,,,1468.0,,,10880.0,0.0,10880.0,,10880.0,,,,,,,,,,,,,,,,,,,,,,,,,,,,,,,,,,,105620.0,,,,0.0,907.0,0.0,0.0,,77.0,36.0,2.0,1.0,,0.0,1.0,,,0.0,10.0,,,,,,,,,,,,,,,,,,,,,,,,,,,,,,,,,,,,,,,,,,,,,,,,,,,,,,,,,,,,,,,,,,,,,,,,,,,,,,,,,,,,,,,,,,,,,,,,,,,,,,,,,,,,,,,,,,,,,,,,,,,,,,,,,,,,,,,,,,,,,,,,,,,,,,,,,,,,,,,,,,,,,,,,,,,,,,,,,,,,,,,,,,,,,,,
2021-03-30,,,117000.0,,,116500.0,,,,,,1757.0,,,12605.0,0.0,12605.0,,12605.0,,,,,,,,,,,,,,,,,,,,,,,,,,,,,,,,,,,103895.0,https://www.ptt.cc/bbs/nCoV2019/M.1617169507.A.F4A.html,,,6.0,913.0,0.0,0.0,,77.0,36.0,2.0,1.0,,0.0,1.0,,,0.0,10.0,,,,,,,,,,,,,,,,,,,,,,,,,,,,,,,,,,,,,,,,,,,,,,,,,,,,,,,,,,,,,,,,,,,,,,,,,,,,,,,,,,,,,,,,,,,,,,,,,,,,,,,,,,,,,,,,,,,,,,,,,,,,,,,,,,,,,,,,,,,,,,,,,,,,,,,,,,,,,,,,,,,,,,,,,,,,,,,,,,,,,,,,,,,,,,,
2021-03-31,,,117000.0,,,116500.0,,,,,,1752.0,,,14400.0,0.0,14400.0,,14400.0,,,,,,,,,,,,,,,,,,,,,,,,,,,,,,,,,,,102100.0,https://www.ptt.cc/bbs/nCoV2019/M.1617259526.A.C75.html,,,6.0,919.0,0.0,0.0,,77.0,36.0,2.0,1.0,,0.0,1.0,,,0.0,10.0,,,,,,,,,,,,,,,,,,,,,,,,,,,,,,,,,,,,,,,,,,,,,,,,,,,,,,,,,,,,,,,,,,,,,,,,,,,,,,,,,,,,,,,,,,,,,,,,,,,,,,,,,,,,,,,,,,,,,,,,,,,,,,,,,,,,,,,,,,,,,,,,,,,,,,,,,,,,,,,,,,,,,,,,,,,,,,,,,,,,,,,,,,,,,,,
2021-04-01,,,117000.0,,,116500.0,,,,,,2050.0,,,16450.0,0.0,16450.0,,16450.0,,,,,,,,,,,,,,,,,,,,,,,,,,,,,,,,,,,100050.0,,,次日回推累計,3.0,923.0,0.0,0.0,,77.0,36.0,2.0,1.0,,0.0,1.0,1039.0,,0.0,10.0,,,,,,,,,,,,,https://www.ptt.cc/bbs/nCoV2019/M.1617343404.A.EBE.html,,,,,,,,,,,,,,,,,,,,,,,,,,,,,,,,,,,,,,,,,,,,,,,,,,,,,,,,,,,,,,,,,,,,,,,,,,,,,,,,,,,,,,,,,,,,2858.0,,,,1694.0,,,,2268.0,,,,3005.0,,,,1974.0,,,,1210.0,,,,404.0,,,,305.0,,,,477.0,,,,64.0,,,,223.0,,,,443.0,,,,129.0,,,,379.0,,,,73.0,,,,473.0,,,,166.0,,,,122.0,,,,113.0,,,,50.0,,,,20.0,,,,0.0,,
2021-04-02,,,117000.0,,,116500.0,,0.0,,,,606.0,,,17056.0,,17078.0,,,,,,,,,,,,,,,,,,,,,,,,,,,,,,,,,,,,,,https://www.ptt.cc/bbs/nCoV2019/M.1617437977.A.758.html,,,6.0,929.0,0.0,0.0,,77.0,36.0,2.0,1.0,,0.0,1.0,1045.0,,0.0,10.0,,,,,,,,,,,,,https://www.ptt.cc/bbs/nCoV2019/M.1617451066.A.C6C.html,,,,,,,,,,,,,,,,,,,,,,,,0.0,0.0,0.0,0.0,0.0,0.0,0.0,0.0,0.0,0.0,0.0,0.0,0.0,0.0,0.0,0.0,0.0,0.0,0.0,0.0,0.0,0.0,,,,,,,,,,,,,,,,,,,,,,,,,,,,,,,,,,,,,,,,,,,,,,2858.0,2944.0,86.0,2944.0,1694.0,1908.0,192.0,1886.0,2268.0,2300.0,32.0,2300.0,3005.0,3055.0,50.0,3055.0,1974.0,2064.0,90.0,2064.0,1210.0,1210.0,0.0,1210.0,404.0,430.0,26.0,430.0,305.0,315.0,10.0,315.0,477.0,488.0,11.0,488.0,64.0,64.0,0.0,64.0,223.0,244.0,21.0,244.0,443.0,476.0,33.0,476.0,129.0,184.0,55.0,184.0,379.0,379.0,0.0,379.0,73.0,73.0,0.0,73.0,473.0,473.0,0.0,473.0,166.0,166.0,0.0,166.0,122.0,122.0,0.0,122.0,113.0,113.0,0.0,113.0,50.0,50.0,0.0,50.0,20.0,20.0,0.0,20.0,0.0,0.0,0.0,0.0
2021-04-03,,,117000.0,,,116500.0,,0.0,,,,0.0,,,17078.0,,,,,,,,,,,,,,,,,,,,,,,,,,,,,,,,,,,,,,,,,,,2.0,931.0,0.0,0.0,,77.0,36.0,2.0,1.0,,0.0,1.0,,,0.0,10.0,,,,,,,,,,,,,https://www.ptt.cc/bbs/nCoV2019/M.1617520389.A.CD3.html,,,,,,,,,,,,,,,,,,,,,,,,0.0,0.0,0.0,0.0,0.0,0.0,0.0,0.0,0.0,0.0,0.0,0.0,0.0,0.0,0.0,0.0,0.0,0.0,0.0,0.0,0.0,0.0,,,,,,,,,,,,,,,,,,,,,,,,,,,,,,,,,,,,,,,,,,,,,,2944.0,,0.0,2944.0,1908.0,,0.0,1908.0,2300.0,,0.0,2300.0,3055.0,,0.0,3055.0,2064.0,,0.0,2064.0,1210.0,,0.0,1210.0,430.0,,0.0,430.0,315.0,,0.0,315.0,488.0,,0.0,488.0,64.0,,0.0,64.0,244.0,,0.0,244.0,476.0,,0.0,476.0,184.0,,0.0,184.0,379.0,,0.0,379.0,73.0,,0.0,73.0,473.0,,0.0,473.0,166.0,,0.0,166.0,122.0,,0.0,122.0,113.0,,0.0,113.0,50.0,,0.0,50.0,20.0,,0.0,20.0,0.0,,0.0,0.0
2021-04-04,AZ#2抵臺19.92萬劑,199200.0,316200.0,,,116500.0,,0.0,,,,167.0,,,17245.0,,17078.0,,,,,,,,,,,,,,,,,,,,,,,,,,,,,,,,,,,,,,,,,1.0,932.0,0.0,0.0,,77.0,36.0,2.0,1.0,,0.0,1.0,,,0.0,10.0,,,,,,,,,,,,,https://www.ptt.cc/bbs/nCoV2019/M.1617602484.A.498.html,,,,,,,,,,,,,,,,,,,,,,,,0.0,0.0,0.0,0.0,0.0,0.0,0.0,0.0,0.0,0.0,0.0,0.0,0.0,0.0,0.0,0.0,0.0,0.0,0.0,0.0,0.0,0.0,,,,,,,,,,,,,,,,,,,,,,,,,,,,,,,,,,,,,,,,,,,,,,2944.0,2944.0,63.0,3007.0,1908.0,1908.0,21.0,1929.0,2300.0,2300.0,0.0,2300.0,3055.0,3055.0,30.0,3085.0,2064.0,2064.0,0.0,2064.0,1210.0,1210.0,0.0,1210.0,430.0,430.0,0.0,430.0,315.0,315.0,0.0,315.0,488.0,488.0,0.0,488.0,64.0,64.0,0.0,64.0,244.0,244.0,0.0,244.0,476.0,476.0,0.0,476.0,184.0,184.0,21.0,205.0,379.0,379.0,0.0,379.0,73.0,73.0,0.0,73.0,473.0,473.0,22.0,495.0,166.0,166.0,0.0,166.0,122.0,122.0,10.0,132.0,113.0,113.0,0.0,113.0,50.0,50.0,0.0,50.0,20.0,20.0,0.0,20.0,0.0,0.0,0.0,0.0
2021-04-05,,,316200.0,,,116500.0,,0.0,,,,167.0,,,17245.0,,,,,,,,,,,,,,,,,,,,,,,,,,,,,,,,,,,,,,,,,,,2.0,934.0,0.0,0.0,,77.0,36.0,2.0,1.0,,0.0,1.0,,,0.0,10.0,,,,,,,,,,,,,https://www.ptt.cc/bbs/nCoV2019/M.1617688876.A.204.html,,,,,,,,,,,,,,,,,,,,,,,,0.0,0.0,0.0,0.0,0.0,0.0,0.0,0.0,0.0,0.0,0.0,0.0,0.0,0.0,0.0,0.0,0.0,0.0,0.0,0.0,0.0,0.0,,,,,,,,,,,,,,,,,,,,,,,,,,,,,,,,,,,,,,,,,,,,,,2944.0,,63.0,3007.0,1908.0,,21.0,1929.0,2300.0,,0.0,2300.0,3055.0,,30.0,3085.0,2064.0,,0.0,2064.0,1210.0,,0.0,1210.0,430.0,,0.0,430.0,315.0,,0.0,315.0,488.0,,0.0,488.0,64.0,,0.0,64.0,244.0,,0.0,244.0,476.0,,0.0,476.0,184.0,,21.0,205.0,379.0,,0.0,379.0,73.0,,0.0,73.0,473.0,,22.0,495.0,166.0,,0.0,166.0,122.0,,10.0,132.0,113.0,,0.0,113.0,50.0,,0.0,50.0,20.0,,0.0,20.0,0.0,,0.0,0.0
2021-04-06,,,316200.0,,,116500.0,,,,,,1412.0,,,18657.0,,18680.0,,,,,,,,,,,,,,,,,,,,,,,,,,,,,,,,,,,,,,,,,0.0,934.0,0.0,0.0,,77.0,36.0,2.0,1.0,,0.0,1.0,,,0.0,10.0,,,,,,,,,,,,,,,,,,,,,,,,,,,,,,,,,,,,,,,,,,,,,,,,,,,,,,,,,,,,,,,,,,,,,,,,,,,,,,,,,,,,,,,,,,,,,,,,,,,,,,,,,3355.0,,,,2036.0,,,,2525.0,,,,3201.0,,,,2236.0,,,,1361.0,,,,456.0,,,,325.0,,,,519.0,,,,84.0,,,,265.0,,,,476.0,,,,257.0,,,,412.0,,,,83.0,,,,517.0,,,,214.0,,,,164.0,,,,124.0,,,,50.0,,,,20.0,,,,0.0,,
2021-04-07,,,316200.0,,,116500.0,,0.0,,,,1395.0,,,20075.0,,,,,,,,,,,,,,,,,,,,,,,,,,,,,,,,,,,,,,,,,,次日回推累計,0.0,934.0,0.0,0.0,,77.0,36.0,2.0,1.0,,0.0,1.0,,,0.0,10.0,,,,,,,,,,,,,,,,,,,,,,,,,,,,,,,,,,,,,0.0,0.0,0.0,0.0,0.0,0.0,0.0,0.0,0.0,0.0,0.0,0.0,0.0,0.0,0.0,0.0,0.0,0.0,0.0,0.0,0.0,0.0,,,,,,,,,,,,,,,,,,,,,,,,,,,,,,,,,,,,,,,,,,,,,,3355.0,,357.0,3712.0,2036.0,,84.0,2120.0,2525.0,,321.0,2846.0,3201.0,,186.0,3387.0,2236.0,,88.0,2324.0,1361.0,,51.0,1412.0,456.0,,60.0,516.0,325.0,,11.0,336.0,519.0,,11.0,530.0,84.0,,44.0,128.0,265.0,,20.0,285.0,476.0,,62.0,538.0,257.0,,11.0,268.0,412.0,,42.0,454.0,83.0,,0.0,83.0,517.0,,35.0,552.0,214.0,,12.0,226.0,164.0,,0.0,164.0,124.0,,0.0,124.0,50.0,,0.0,50.0,20.0,,0.0,20.0,0.0,,0.0,0.0
2021-04-08,,,316200.0,,,116500.0,,,,,,1687.0,,,21807.0,0.0,21807.0,,21807.0,,,,,,,,,,,,,,,,,,,,,,,,,,,,,,,,,,,94693.0,https://www.ptt.cc/bbs/nCoV2019/M.1617947172.A.FAC.html,,,4.0,938.0,0.0,0.0,,77.0,36.0,2.0,1.0,,0.0,1.0,,,0.0,10.0,,,,,,,,,,,,,https://www.ptt.cc/bbs/nCoV2019/M.1618053675.A.863.html,,,,,,,,,,,,,,,,,,,,,,,,,,,,,,,,,,,,,,,,,,,,,,,,,,,,,,,,,,,,,,,,,,,,,,,,,,,,,,,,,,,,,,,,,,,,,,,,,,,,,,,,,,,,,,,,,,,,,,,,,,,,,,,,,,,,,,,,,,,,,,,,,,,,,,,,,,,,,,,,,,,,,,,,,,,,,,,,,,
2021-04-09,,,316200.0,,,116500.0,,,,,,2577.0,,,24450.0,0.0,24450.0,,24450.0,,,,,,,,,,,,,,,,,,,,,,,,,,,,,,,,,,,92050.0,https://www.ptt.cc/bbs/nCoV2019/M.1618033519.A.C3E.html,,,2.0,940.0,0.0,0.0,,77.0,36.0,2.0,1.0,,0.0,1.0,,,0.0,10.0,,,,,,,,,,,,,,,,,,,,,,,,,,,,,,,,,,,,,,,,,,,,,,,,,,,,,,,,,,,,,,,,,,,,,,,,,,,,,,,,,,,,,,,,,,,,,,,,,,,,,,,,,,,,,,,,,,,,,,,,,,,,,,,,,,,,,,,,,,,,,,,,,,,,,,,,,,,,,,,,,,,,,,,,,,,,,,,,,,,,,,,,,,,,,,,
2021-04-10,,,316200.0,,,116500.0,,,,,,72.0,,,24652.0,0.0,24652.0,,24652.0,,,,,,,,,,,,,,,,,,,,,,,,,,,,,,,,,,,91848.0,https://www.ptt.cc/bbs/nCoV2019/M.1618119941.A.DD3.html,,,1.0,941.0,0.0,0.0,,77.0,36.0,2.0,1.0,0.0,0.0,1.0,1057.0,1022.0,1.0,11.0,,,,,,,,,,,,,https://www.ptt.cc/bbs/nCoV2019/M.1618120881.A.77C.html,,,,,,,,,,,,,,,,,,,,,,,,,,,,,,,,,,,,,,,,,,,,,,,,,,,,,,,,,,,,,,,,,,,,,,,,,,,,,,,,,,,,,,,,,,,,,,,,,,,,,,,,,,,,,,,,,,,,,,,,,,,,,,,,,,,,,,,,,,,,,,,,,,,,,,,,,,,,,,,,,,,,,,,,,,,,,,,,,,
2021-04-11,,,316200.0,,,116500.0,,,,,,43.0,,,24701.0,,24701.0,,24701.0,,,,,,,,,,,,,,,,,,,,,,,,,,,,,,,,,,,91799.0,https://udn.com/news/story/7314/5382320,,次日回推累計,1.0,942.0,0.0,0.0,,77.0,36.0,2.0,1.0,,0.0,1.0,,,0.0,11.0,,,,,,,,,,,,,,,,,,,,,,,,,,,,,,,,,,,,,,,,,,,,,,,,,,,,,,,,,,,,,,,,,,,,,,,,,,,,,,,,,,,,,,,,,,,,,,,,,,,,,,,,,,,,,,,,,,,,,,,,,,,,,,,,,,,,,,,,,,,,,,,,,,,,,,,,,,,,,,,,,,,,,,,,,,,,,,,,,,,,,,,,,,,,,,,
2021-04-12,AZ擴大施打 / AZ#2封緘,,316200.0,600.0,198600.0,315100.0,,,,,,1181.0,,,25882.0,0.0,25882.0,,25882.0,,,,,,,,,,,,,,,,,,,,,,,,,,,,,,,,,,,289218.0,https://www.ptt.cc/bbs/nCoV2019/M.1618292840.A.570.html,,,4.0,946.0,0.0,0.0,,77.0,36.0,2.0,1.0,,0.0,1.0,,,0.0,11.0,,,,,,,,,,,,,,,,,,,,,,,,,,,,,,,,,,,,,,,,,,,,,,,,,,,,,,,,,,,,,,,,,,,,,,,,,,,,,,,,,,,,,,,,,,,,,,,,,,,,,,,,,,,,,,,,,,,,,,,,,,,,,,,,,,,,,,,,,,,,,,,,,,,,,,,,,,,,,,,,,,,,,,,,,,,,,,,,,,,,,,,,,,,,,,,
2021-04-13,,,316200.0,,,315100.0,,,,,,1220.0,,,27113.0,0.0,27113.0,,27113.0,,,,,,,,,,,,,,,,,,,,,,,,,,,,,,,,,,,287987.0,https://www.ptt.cc/bbs/nCoV2019/M.1618379258.A.6AC.html,,,5.0,951.0,0.0,0.0,,77.0,36.0,2.0,1.0,,0.0,1.0,,,0.0,11.0,,,,,,,,,,,,,https://www.ptt.cc/bbs/nCoV2019/M.1618493428.A.AFF.html,,,,,,,,,,,,,,,,,,,,,,,,,,,,,,,,,,,,,,,,,,,,,,,,,,,,,,,,,,,,,,,,,,,,,,,,,,,,,,,,,,,,,,,,,,,,5630.0,,,,2744.0,,,,3629.0,,,,4912.0,,,,3180.0,,,,1935.0,,,,730.0,,,,697.0,,,,698.0,,,,256.0,,,,439.0,,,,754.0,,,,502.0,,,,595.0,,,,180.0,,,,732.0,,,,333.0,,,,258.0,,,,155.0,,,,80.0,,,,48.0,,,,10.0,,
2021-04-14,,,316200.0,,,315100.0,,0.0,,,,1319.0,,,28465.0,,28497.0,,,,,,,,,,,,,,,,,,,,,,,,,,,,,,,,,,,,,,https://www.ptt.cc/bbs/nCoV2019/M.1618465573.A.D43.html,,,1.0,952.0,0.0,0.0,,77.0,36.0,2.0,1.0,,0.0,1.0,,,0.0,11.0,,,,,,,,,,,,,https://www.ptt.cc/bbs/nCoV2019/M.1618570953.A.DFD.html,,,,,,,,,,,,,,,,,,,,,,,,0.0,0.0,0.0,0.0,0.0,0.0,0.0,0.0,0.0,0.0,0.0,0.0,0.0,0.0,0.0,0.0,0.0,0.0,0.0,0.0,0.0,0.0,,,,,,,,,,,,,,,,,,,,,,,,,,,,,,,,,,,,,,,,,,,,,,5630.0,5630.0,403.0,6033.0,2744.0,2744.0,69.0,2813.0,3629.0,3629.0,104.0,3733.0,4912.0,4912.0,293.0,5205.0,3180.0,3180.0,100.0,3280.0,1935.0,1935.0,118.0,2053.0,730.0,730.0,73.0,803.0,697.0,697.0,64.0,761.0,698.0,698.0,0.0,698.0,256.0,256.0,0.0,256.0,439.0,439.0,52.0,491.0,754.0,754.0,0.0,754.0,502.0,502.0,32.0,534.0,595.0,595.0,37.0,632.0,180.0,180.0,21.0,201.0,732.0,732.0,11.0,743.0,333.0,333.0,67.0,400.0,258.0,258.0,48.0,306.0,155.0,155.0,10.0,165.0,80.0,80.0,0.0,80.0,48.0,48.0,0.0,48.0,10.0,10.0,40.0,50.0
2021-04-15,,,316200.0,,,315100.0,,0.0,,,,1542.0,,,30039.0,,30155.0,,,,,,,,,,,,,,,,,,,,,,,,,,,,,,,,,,,,,,https://www.ptt.cc/bbs/nCoV2019/M.1618551917.A.C72.html,,,2.0,954.0,0.0,0.0,,77.0,36.0,2.0,1.0,,0.0,1.0,,,0.0,11.0,,,,,,,,,,,,,,,,,,,,,,,,,,,,,,,,,,,,,0.0,0.0,0.0,0.0,0.0,0.0,0.0,0.0,0.0,0.0,0.0,0.0,0.0,0.0,0.0,0.0,0.0,0.0,0.0,0.0,0.0,0.0,,,,,,,,,,,,,,,,,,,,,,,,,,,,,,,,,,,,,,,,,,,,,,5630.0,6033.0,403.0,6033.0,2744.0,2813.0,69.0,2813.0,3629.0,3734.0,104.0,3733.0,4912.0,5216.0,293.0,5205.0,3180.0,3280.0,100.0,3280.0,1935.0,2157.0,118.0,2053.0,730.0,803.0,73.0,803.0,697.0,761.0,64.0,761.0,698.0,698.0,0.0,698.0,256.0,256.0,0.0,256.0,439.0,491.0,52.0,491.0,754.0,754.0,0.0,754.0,502.0,534.0,32.0,534.0,595.0,632.0,37.0,632.0,180.0,201.0,21.0,201.0,732.0,743.0,11.0,743.0,333.0,400.0,67.0,400.0,258.0,306.0,48.0,306.0,155.0,165.0,10.0,165.0,80.0,80.0,0.0,80.0,48.0,48.0,0.0,48.0,10.0,50.0,40.0,50.0
2021-04-16,,,316200.0,,,315100.0,,0.0,,,,2234.0,,,32389.0,0.0,32389.0,,32389.0,,,,,,,,,,,,,,,,,,,,,,,,,,,,,,,,,,,282711.0,https://www.ptt.cc/bbs/nCoV2019/M.1618638313.A.115.html,,,2.0,956.0,0.0,0.0,,77.0,36.0,2.0,1.0,,0.0,1.0,,,0.0,11.0,,,,,,,,,,,,,,,,,,,,,,,,,,,,,,,,,,,,,0.0,0.0,0.0,0.0,0.0,0.0,0.0,0.0,0.0,0.0,0.0,0.0,0.0,0.0,0.0,0.0,0.0,0.0,0.0,0.0,0.0,0.0,,,,,,,,,,,,,,,,,,,,,,,,,,,,,,,,,,,,,,,,,,,,,,6033.0,,426.0,6459.0,2813.0,,148.0,2961.0,3734.0,,151.0,3885.0,5216.0,,549.0,5765.0,3280.0,,232.0,3512.0,2157.0,,190.0,2347.0,803.0,,66.0,869.0,761.0,,71.0,832.0,698.0,,64.0,762.0,256.0,,41.0,297.0,491.0,,20.0,511.0,754.0,,43.0,797.0,534.0,,51.0,585.0,632.0,,29.0,661.0,201.0,,64.0,265.0,743.0,,28.0,771.0,400.0,,0.0,400.0,306.0,,0.0,306.0,165.0,,22.0,187.0,80.0,,10.0,90.0,48.0,,29.0,77.0,50.0,,0.0,50.0
2021-04-17,,,316200.0,,,315100.0,,,,,,28.0,,,32450.0,0.0,32450.0,,32450.0,,,,,,,,,,,,,,,,,,,,,,,,,,,,,,,,,,,282650.0,https://www.ptt.cc/bbs/nCoV2019/M.1618811108.A.EED.html,,,1.0,957.0,0.0,0.0,,77.0,36.0,2.0,1.0,,0.0,1.0,,,0.0,11.0,,,,,,,,,,,,,,,,,,,,,,,,,,,,,,,,,,,,,,,,,,,,,,,,,,,,,,,,,,,,,,,,,,,,,,,,,,,,,,,,,,,,,,,,,,,,,,,,,,,,,,,,,,,,,,,,,,,,,,,,,,,,,,,,,,,,,,,,,,,,,,,,,,,,,,,,,,,,,,,,,,,,,,,,,,,,,,,,,,,,,,,,,,,,,,,
2021-04-18,,,316200.0,,,315100.0,,,,,,,,,32493.0,,32493.0,,32493.0,,,,,,,,,,,,,,,,,,,,,,,,,,,,,,,,,,,282607.0,,,次日回推累計,3.0,960.0,0.0,0.0,,77.0,36.0,2.0,1.0,2.0,0.0,1.0,,,0.0,11.0,,,,,,,,,,,,,,,,,,,,,,,,,,,,,,,,,,,,,,,,,,,,,,,,,,,,,,,,,,,,,,,,,,,,,,,,,,,,,,,,,,,,,,,,,,,,,,,,,,,,,,,,,,,,,,,,,,,,,,,,,,,,,,,,,,,,,,,,,,,,,,,,,,,,,,,,,,,,,,,,,,,,,,,,,,,,,,,,,,,,,,,,,,,,,,,
2021-04-19,,,316200.0,,,315100.0,,,,,,911.0,,,33404.0,0.0,33404.0,,33404.0,,,,,,,,,,,,,,,,,,,,,,,,,,,,,,,,,,,281696.0,https://www.ptt.cc/bbs/nCoV2019/M.1618897505.A.798.html,,,0.0,960.0,0.0,0.0,,77.0,36.0,2.0,1.0,,0.0,1.0,,,0.0,11.0,,,,,,,,,,,,,https://www.ptt.cc/bbs/nCoV2019/M.1619011725.A.C5F.html,,,,,,,,,,,,,,,,,,,,,,,,,,,,,,,,,,,,,,,,,,,,,,,,,,,,,,,,,,,,,,,,,,,,,,,,,,,,,,,,,,,,,,,,,,,,,,,,,,,,,,,,,,,,,,,,,,,,,,,,,,,,,,,,,,,,,,,,,,,,,,,,,,,,,,,,,,,,,,,,,,,,,,,,,,,,,,,,,,
2021-04-20,,,316200.0,,,315100.0,,,,,,775.0,,,34197.0,0.0,34197.0,,34197.0,,,,,,,,,,,,,,,,,,,,,,,,,,,,,,,,,,,280903.0,https://www.ptt.cc/bbs/nCoV2019/M.1618983931.A.338.html,,,4.0,964.0,0.0,0.0,,77.0,36.0,2.0,1.0,,0.0,1.0,,,0.0,11.0,,,,,,,,,,,,,https://www.ptt.cc/bbs/nCoV2019/M.1618839145.A.469.html,,,,,,,,,,,,,,,,,,,,,,,,,,,,,,,,,,,,,,,,,,,,,,,,,,,,,,,,,,,,,,,,,,,,,,,,,,,,,,,,,,,,,,,,,,,,,,,,,,,,,,,,,,,,,,,,,,,,,,,,,,,,,,,,,,,,,,,,,,,,,,,,,,,,,,,,,,,,,,,,,,,,,,,,,,,,,,,,,,
2021-04-21,AZ自費開打,,316200.0,,,315100.0,,,,1732.0,783.0,2515.0,,,36731.0,0.0,36731.0,,36731.0,,,,,,,,,,,,,,,,,,,,,,,,,,,,,,,,,,,278369.0,https://www.ptt.cc/bbs/nCoV2019/M.1619088374.A.2F7.html,,,4.0,968.0,0.0,0.0,,77.0,36.0,2.0,1.0,2.0,0.0,1.0,,,0.0,11.0,,,,,,,,,,,,,https://www.ptt.cc/bbs/nCoV2019/M.1619071286.A.7F7.html,,,,,,,,,,,,,,,,,,,,,,,,,,,,,,,,,,,,,,,,,,,,,,,,,,,,,,,,,,,,,,,,,,,,,,,,,,,,,,,,,,,,,,,,,,,,,,,,,,,,,,,,,,,,,,,,,,,,,,,,,,,,,,,,,,,,,,,,,,,,,,,,,,,,,,,,,,,,,,,,,,,,,,,,,,,,,,,,,,
2021-04-22,美國將台灣列為旅遊警示3級,,316200.0,,,315100.0,,,,,,2490.0,,,39221.0,,39221.0,,39221.0,,,,,,,,,,,,,,,,,,,,,,,,,,,,,,,,,,,275879.0,,,次日回推累計,2.0,970.0,0.0,0.0,,77.0,36.0,2.0,1.0,,0.0,1.0,,,0.0,11.0,,,,,,,,,,,,,https://www.ptt.cc/bbs/nCoV2019/M.1619154949.A.FC5.htm,,,,,,,,,,,,,,,,,,,,,,,,,,,,,,,,,,,,,,,,,,,,,,,,,,,,,,,,,,,,,,,,,,,,,,,,,,,,,,,,,,,,,,,,,,,,,,,,,,,,,,,,,,,,,,,,,,,,,,,,,,,,,,,,,,,,,,,,,,,,,,,,,,,,,,,,,,,,,,,,,,,,,,,,,,,,,,,,,,
2021-04-23,,,316200.0,,,315100.0,,,,1469.0,1784.0,3253.0,,,42474.0,49.0,42523.0,,42523.0,,,,,,,,,,,,,,,,,,,,,,,,,,,,,,,,,,,272577.0,https://www.ptt.cc/bbs/nCoV2019/M.1619243206.A.29B.html,https://www.ptt.cc/bbs/nCoV2019/M.1619275368.A.CC9.html,,6.0,976.0,1.0,0.0,,78.0,36.0,2.0,1.0,4.0,0.0,1.0,1097.0,,1.0,12.0,,,,,,,,,,,,,https://www.ptt.cc/bbs/nCoV2019/M.1619244150.A.B16.html,,,,,,,,,,,,,,,,,,,,,,,,,,,,,,,,,,,,,,,,,,,,,,,,,,,,,,,,,,,,,,,,,,,,,,,,,,,,,,,,,,,,,,,,,,,,,,,,,,,,,,,,,,,,,,,,,,,,,,,,,,,,,,,,,,,,,,,,,,,,,,,,,,,,,,,,,,,,,,,,,,,,,,,,,,,,,,,,,,
2021-04-24,,,316200.0,,,315100.0,,,,,,149.0,,,42672.0,,,,,,,,,,,,,,,,,,,,,,,,,,,,,,,,,,,,,,,,,,,1.0,977.0,0.0,0.0,,78.0,36.0,2.0,1.0,1.0,0.0,1.0,1100.0,,0.0,12.0,,,,,,,,,,,,,https://www.ptt.cc/bbs/nCoV2019/M.1619331177.A.791.html,,,,,,,,,,,,,,,,,,,,,,,,,,,,,,,,,,,,,,,,,,,,,,,,,,,,,,,,,,,,,,,,,,,,,,,,,,,,,,,,,,,,,,,,,,,,,,,,,,,,,,,,,,,,,,,,,,,,,,,,,,,,,,,,,,,,,,,,,,,,,,,,,,,,,,,,,,,,,,,,,,,,,,,,,,,,,,,,,,
2021-04-25,,,316200.0,,,315100.0,,,,,,,,,42878.0,,42878.0,,42878.0,,,,,,,,,,,,,,,,,,,,,,,,,,,,,,,,,,,272222.0,,,次日回推累計,2.0,979.0,0.0,0.0,,78.0,36.0,2.0,1.0,2.0,0.0,1.0,1104.0,,0.0,12.0,11.0,,,,,,,,,,,,https://www.ptt.cc/bbs/nCoV2019/M.1619531204.A.C48.html,,,,,,,,,,,,,,,,,,,,,,,,,,,,,,,,,,,,,,,,,,,,,,,,,,,,,,,,,,,,,,,,,,,,,,,,,,,,,,,,,,,,,,,,,,,,,,,,,,,,,,,,,,,,,,,,,,,,,,,,,,,,,,,,,,,,,,,,,,,,,,,,,,,,,,,,,,,,,,,,,,,,,,,,,,,,,,,,,,
2021-04-26,,,316200.0,,,315100.0,,,,,,2509.0,,7165.0,45387.0,0.0,45387.0,,45387.0,,,,,,,,,,,,,,,,,,,,,,,,,,,,,,,,,,,269713.0,https://www.ptt.cc/bbs/nCoV2019/M.1619502330.A.A38.html,,,5.0,984.0,1.0,0.0,,79.0,36.0,2.0,1.0,,0.0,1.0,1063.0,,0.0,12.0,,,,,,,,,,,,,https://www.ptt.cc/bbs/nCoV2019/M.1619503579.A.7AF.html,,,,,,,,,,,,,,,,,,,,,,,,,,,,,,,,,,,,,,,,,,,,,,,,,,,,,,,,,,,,,,,,,,,,,,,,,,,,,,,,,,,,,,,,,,,,,,,,,,,,,,,,,,,,,,,,,,,,,,,,,,,,,,,,,,,,,,,,,,,,,,,,,,,,,,,,,,,,,,,,,,,,,,,,,,,,,,,,,,
2021-04-27,,,316200.0,,,315100.0,,,,,,2793.0,,,48180.0,,,,,,,,,,,,,,,,,,,,,,,,,,,,,,,,,,,,,,,,,,,3.0,987.0,3.0,0.0,,82.0,36.0,2.0,1.0,,0.0,1.0,1069.0,,0.0,12.0,,,,,,,,,,,,,https://www.ptt.cc/bbs/nCoV2019/M.1619590035.A.E64.html,,,,,,,,,,,,,,,,,,,,,,,,,,,,,,,,,,,,,,,,,,,,,,,,,,,,,,,,,,,,,,,,,,,,,,,,,,,,,,,,,,,,,,,,,,,,,,,,,,,,,,,,,,,,,,,,,,,,,,,,,,,,,,,,,,,,,,,,,,,,,,,,,,,,,,,,,,,,,,,,,,,,,,,,,,,,,,,,,,
2021-04-28,,,316200.0,,,315100.0,,,,,,2653.0,,,50965.0,,50965.0,,50965.0,,,,,,,,,,,,,,,,,,,,,,,,,,,,,,,,,,,264135.0,,,次日回推累計,2.0,989.0,2.0,0.0,,84.0,36.0,2.0,1.0,,0.0,1.0,1073.0,,0.0,12.0,,,,,,,,,,,,,https://www.ptt.cc/bbs/nCoV2019/M.1619676356.A.170.html,https://www.ptt.cc/bbs/nCoV2019/M.1619668435.A.8BC.html,,,,,,,,,,,,,,,,,,,,,,,,,,,,,,,,,,,,,,,,,,,,,,,,,,,,,,,,,,,,,,,,,,,,,,,,,,,,,,,,,,,,,,,,,,,,,,,,,,,,,,,,,,,,,,,,,,,,,,,,,,,,,,,,,,,,,,,,,,,,,,,,,,,,,,,,,,,,,,,,,,,,,,,,,,,,,,,,,
2021-04-29,桃園諾富特防疫旅館員工確診,,316200.0,,,315100.0,,,,,,3224.0,,,54189.0,,54194.0,,,,,,,,,,,,,,,,,,,,,,,,,,,,,,,,,,,,,,https://www.ptt.cc/bbs/nCoV2019/M.1619761547.A.B2D.html,,,4.0,993.0,3.0,0.0,,87.0,36.0,2.0,1.0,,0.0,1.0,1080.0,,0.0,12.0,,,,,,,,,,,,,https://www.ptt.cc/bbs/nCoV2019/M.1619865932.A.5F7.html,,,,,,,,,,,,,,,,,,,,,,,,,,,,,,,,,,,,,,,,,,,,,,,,,,,,,,,,,,,,,,,,,,,,,,,,,,,,,,,,,,,,,,,,,,,,11470.0,,,,5956.0,,,,6485.0,,,,8009.0,,,,6823.0,,,,3112.0,,,,1497.0,,,,1136.0,,,,1412.0,,,,609.0,,,,828.0,,,,1088.0,,,,1051.0,,,,1075.0,,,,532.0,,,,1011.0,,,,877.0,,,,528.0,,,,321.0,,,,144.0,,,,142.0,,,,88.0,,
2021-04-30,,,316200.0,,,315100.0,,0.0,,1782.0,1908.0,3690.0,,,57884.0,0.0,57884.0,,57884.0,,,,,,,,,,,,,,,,,,,,,,,,,,,,,,,,,,,257216.0,https://www.ptt.cc/bbs/nCoV2019/M.1619865932.A.5F7.html,,防疫機場員工確診,3.0,996.0,1.0,0.0,,88.0,36.0,2.0,1.0,,0.0,1.0,1084.0,,0.0,12.0,,,,,,,,,,,,,https://www.ptt.cc/bbs/nCoV2019/M.1619849224.A.310.html,,,,,,,,,,,,,,,,,,,,,,,,0.0,0.0,0.0,0.0,0.0,0.0,0.0,0.0,0.0,0.0,0.0,0.0,0.0,0.0,0.0,0.0,0.0,0.0,0.0,0.0,0.0,0.0,,,,,,,,,,,,,,,,,,,,,,,,,,,,,,,,,,,,,,,,,,,,,,11470.0,12391.0,881.0,12351.0,5956.0,6504.0,548.0,6504.0,6485.0,6948.0,462.0,6947.0,8009.0,8318.0,284.0,8293.0,6823.0,7321.0,498.0,7321.0,3112.0,3218.0,106.0,3218.0,1497.0,1635.0,130.0,1627.0,1136.0,1222.0,87.0,1223.0,1412.0,1569.0,149.0,1561.0,609.0,675.0,65.0,674.0,828.0,919.0,91.0,919.0,1088.0,1164.0,76.0,1164.0,1051.0,1140.0,89.0,1140.0,1075.0,1129.0,54.0,1129.0,532.0,561.0,29.0,561.0,1011.0,1011.0,0.0,1011.0,877.0,937.0,60.0,937.0,528.0,571.0,43.0,571.0,321.0,331.0,11.0,332.0,144.0,144.0,0.0,144.0,142.0,169.0,27.0,169.0,88.0,88.0,0.0,88.0
2021-05-01,,,316200.0,,,315100.0,,,,,,,,,,,,,,,,,,,,,,,,,,,,,,,,,,,,,,,,,,,,,,,,,,,,1.0,997.0,4.0,0.0,0.0,92.0,36.0,2.0,1.0,,0.0,1.0,1089.0,,0.0,12.0,,,,,,,,,,,,,https://www.ptt.cc/bbs/nCoV2019/M.1619935508.A.EC4.html,,,,,,,,,,,,,,,,,,,,,,,,,,,,,,,,,,,,,,,,,,,,,,,,,,,,,,,,,,,,,,,,,,,,,,,,,,,,,,,,,,,,,,,,,,,,,,,,,,,,,,,,,,,,,,,,,,,,,,,,,,,,,,,,,,,,,,,,,,,,,,,,,,,,,,,,,,,,,,,,,,,,,,,,,,,,,,,,,,
2021-05-02,,,316200.0,,,315100.0,,0.0,,,,287.0,,,58252.0,0.0,,,,,,,,,,,,,,,,,,,,,,,,,,,,,,,,,,,,,,,,,,6.0,1003.0,2.0,0.0,0.0,94.0,36.0,2.0,1.0,,0.0,1.0,1097.0,,0.0,12.0,45.0,,,,,,,,,,,,https://www.ptt.cc/bbs/nCoV2019/M.1620123496.A.EE9.html,https://i.imgur.com/4aDLWi5.jpg,,,,,,,,,,,,,,,,,,,,,,,0.0,0.0,0.0,0.0,0.0,0.0,0.0,0.0,0.0,0.0,0.0,0.0,0.0,0.0,0.0,0.0,0.0,0.0,0.0,0.0,0.0,0.0,,,,,,,,,,,,,,,,,,,,,,,,,,,,,,,,,,,,,,,,,,,,,,12391.0,,73.0,12464.0,6504.0,,0.0,6504.0,6948.0,,37.0,6985.0,8318.0,,0.0,8318.0,7321.0,,148.0,7469.0,3218.0,,0.0,3218.0,1635.0,,0.0,1635.0,1222.0,,0.0,1222.0,1569.0,,0.0,1569.0,675.0,,21.0,696.0,919.0,,0.0,919.0,1164.0,,8.0,1172.0,1140.0,,0.0,1140.0,1129.0,,0.0,1129.0,561.0,,0.0,561.0,1011.0,,0.0,1011.0,937.0,,0.0,937.0,571.0,,0.0,571.0,331.0,,0.0,331.0,144.0,,0.0,144.0,169.0,,0.0,169.0,88.0,,0.0,88.0
2021-05-03,公費疫苗開放1-3類對象同住者,,316200.0,,,315100.0,,,,,,4166.0,,,62437.0,0.0,62437.0,,62437.0,,,,,,,,,,,,,,,,,,,,,,,,,,,,,,,,,,,252663.0,https://www.ptt.cc/bbs/nCoV2019/M.1620123496.A.EE9.html,,防疫機場員工確診,6.0,1009.0,0.0,0.0,0.0,94.0,36.0,2.0,1.0,11.0,0.0,1.0,1153.0,1067.0,0.0,12.0,,,,,,,,,,,,,https://www.ptt.cc/bbs/nCoV2019/M.1620108203.A.8EC.html,,,,,,,,,,,,,,,,,,,,,,,,,,,,,,,,,,,,,,,,,,,,,,,,,,,,,,,,,,,,,,,,,,,,,,,,,,,,,,,,,,,,,,,,,,,,,,,,,,,,,,,,,,,,,,,,,,,,,,,,,,,,,,,,,,,,,,,,,,,,,,,,,,,,,,,,,,,,,,,,,,,,,,,,,,,,,,,,,,
2021-05-04,,,316200.0,,,315100.0,,,,3401.0,1914.0,5315.0,,,67931.0,0.0,67931.0,,67931.0,,,,,,,,,,,,,,,,,,,,,,,,,,,,,,,,,,,247169.0,,,公費單日新高,7.0,1016.0,0.0,0.0,0.0,94.0,36.0,2.0,1.0,,0.0,1.0,1160.0,1074.0,0.0,12.0,,,,,,,,,,,,,https://www.ptt.cc/bbs/nCoV2019/M.1620194858.A.9DD.html,,,,,,,,,,,,,,,,,,,,,,,,,,,,,,,,,,,,,,,,,,,,,,,,,,,,,,,,,,,,,,,,,,,,,,,,,,,,,,,,,,,,,,,,,,,,,,,,,,,,,,,,,,,,,,,,,,,,,,,,,,,,,,,,,,,,,,,,,,,,,,,,,,,,,,,,,,,,,,,,,,,,,,,,,,,,,,,,,,
2021-05-05,,,316200.0,,,315100.0,,,,,,5927.0,,,73858.0,0.0,73858.0,,73858.0,,,,,,,,,,,,,,,,,,,,,,,,,,,,,,,,,,,241242.0,https://www.ptt.cc/bbs/nCoV2019/M.1620295038.A.DD1.html,,存量約24萬劑,12.0,1028.0,1.0,0.0,0.0,95.0,36.0,2.0,1.0,,0.0,1.0,1173.0,1075.0,0.0,12.0,,,,,,,,,,,,,https://www.ptt.cc/bbs/nCoV2019/M.1620281215.A.D08.html,,,,,,,,,,,,,,,,,,,,,,,,,,,,,,,,,,,,,,,,,,,,,,,,,,,,,,,,,,,,,,,,,,,,,,,,,,,,,,,,,,,,,,,,,,,,,,,,,,,,,,,,,,,,,,,,,,,,,,,,,,,,,,,,,,,,,,,,,,,,,,,,,,,,,,,,,,,,,,,,,,,,,,,,,,,,,,,,,,
2021-05-06,,,316200.0,,,315100.0,,,,,,6873.0,,,81142.0,,81142.0,,81142.0,,,,,,,,,,,,,,,,,,,,,,,,,,,,,,,,,,,233958.0,,,次日回推累計 / 防疫機場員工確診,5.0,1033.0,0.0,0.0,0.0,95.0,36.0,2.0,1.0,,0.0,1.0,1178.0,1077.0,0.0,12.0,,,,,,,,,,,,,https://www.ptt.cc/bbs/nCoV2019/M.1620367762.A.25E.html,,,,,,,,,,,,,,,,,,,,,,,,,,,,,,,,,,,,,,,,,,,,,,,,,,,,,,,,,,,,,,,,,,,,,,,,,,,,,,,,,,,,,,,,,,,,17142.0,,,,9588.0,,,,9728.0,,,,10835.0,,,,11130.0,,,,4366.0,,,,2546.0,,,,1495.0,,,,2087.0,,,,903.0,,,,1230.0,,,,1685.0,,,,1537.0,,,,1417.0,,,,980.0,,,,1292.0,,,,1395.0,,,,806.0,,,,477.0,,,,159.0,,,,220.0,,,,119.0,,
2021-05-07,,,316200.0,,,315100.0,,0.0,,7504.0,2361.0,9865.0,,,91007.0,0.0,91007.0,,91007.0,,,,,,,,,,,,,,,,,,,,,,,,,,,,,,,,,,,224093.0,,,,3.0,1036.0,1.0,0.0,0.0,96.0,36.0,2.0,1.0,1.0,0.0,1.0,1183.0,1082.0,0.0,12.0,,,,,,,,,,,,,https://www.ptt.cc/bbs/nCoV2019/M.1620453868.A.1E7.html,,,,,,,,,,,,,,,,,,,,,,,,0.0,0.0,0.0,0.0,0.0,0.0,0.0,0.0,0.0,0.0,0.0,0.0,0.0,0.0,0.0,0.0,0.0,0.0,0.0,0.0,0.0,0.0,,,,,,,,,,,,,,,,,,,,,,,,,,,,,,,,,,,,,,,,,,,,,,17142.0,,1512.0,18654.0,9588.0,,1237.0,10825.0,9728.0,,1189.0,10917.0,10835.0,,1224.0,12059.0,11130.0,,1524.0,12654.0,4366.0,,345.0,4711.0,2546.0,,372.0,2918.0,1495.0,,339.0,1834.0,2087.0,,310.0,2397.0,903.0,,141.0,1044.0,1230.0,,191.0,1421.0,1685.0,,166.0,1851.0,1537.0,,202.0,1739.0,1417.0,,158.0,1575.0,980.0,,185.0,1165.0,1292.0,,170.0,1462.0,1395.0,,310.0,1705.0,806.0,,163.0,969.0,477.0,,34.0,511.0,159.0,,51.0,210.0,220.0,,42.0,262.0,119.0,,0.0,119.0
2021-05-08,,,316200.0,,,315100.0,,,,,,,,,,,,,,,,,,,,,,,,,,,,,,,,,,,,,,,,,,,,,,,,,,,,1.0,1037.0,0.0,0.0,0.0,96.0,36.0,2.0,1.0,12.0,0.0,1.0,1184.0,1089.0,0.0,12.0,,,,,,,,,,,,,https://www.ptt.cc/bbs/nCoV2019/M.1620540359.A.898.html,,,,,,,,,,,,,,,,,,,,,,,,,,,,,,,,,,,,,,,,,,,,,,,,,,,,,,,,,,,,,,,,,,,,,,,,,,,,,,,,,,,,,,,,,,,,,,,,,,,,,,,,,,,,,,,,,,,,,,,,,,,,,,,,,,,,,,,,,,,,,,,,,,,,,,,,,,,,,,,,,,,,,,,,,,,,,,,,,,
2021-05-09,,,316200.0,,,315100.0,,,,,,,,,92049.0,,,,,,,,,,,,,,,,,,,,,,,,,,,,,,,,,,,,,,,,,,,11.0,1048.0,3.0,0.0,0.0,99.0,36.0,2.0,1.0,13.0,0.0,1.0,,1089.0,0.0,12.0,626.0,,,,,,,,,,,,https://www.ptt.cc/bbs/nCoV2019/M.1620627014.A.FF6.html,https://i.imgur.com/4aDLWi5.jpg,,,,,,,,,,,,,,,,,,,,,,,,,,,,,,,,,,,,,,,,,,,,,,,,,,,,,,,,,,,,,,,,,,,,,,,,,,,,,,,,,,,,,,,,,,,,,,,,,,,,,,,,,,,,,,,,,,,,,,,,,,,,,,,,,,,,,,,,,,,,,,,,,,,,,,,,,,,,,,,,,,,,,,,,,,,,,,,,,
2021-05-10,疫苗擴大開放軍人及65歲以上長者,,316200.0,,,315100.0,,,,,,,,,101525.0,,101525.0,,101525.0,,,,,,,,,,,,,,,,,,,,,,,,,,,,,,,,,,,213575.0,,,次日回推累計,4.0,1052.0,7.0,0.0,0.0,106.0,36.0,2.0,1.0,13.0,0.0,1.0,,1093.0,0.0,12.0,,,,,,,,,,,,,https://www.cdc.gov.tw/Bulletin/Detail/PHRzem5q4pU7_vHvVdCmRw?typeid=9,,,,,,,,,,,,,,,,,,,,,,,,,,,,,,,,,,,,,,,,,,,,,,,,,,,,,,,,,,,,,,,,,,,,,,,,,,,,,,,,,,,,,,,,,,,,,,,,,,,,,,,,,,,,,,,,,,,,,,,,,,,,,,,,,,,,,,,,,,,,,,,,,,,,,,,,,,,,,,,,,,,,,,,,,,,,,,,,,,
2021-05-11,全國疫情警戒升第二級 / 五股獅子前會長 / 宜蘭電子遊藝場5人確診,,316200.0,,,315100.0,,,,9097.0,1921.0,11018.0,,,112543.0,0.0,112543.0,,112543.0,,,,,,,,,,,,,,,,,,,,,,,,,,,,,,,,,,,202557.0,https://www.ptt.cc/bbs/nCoV2019/M.1620825409.A.FE7.html,,存量18萬劑,4.0,1056.0,16.0,0.0,0.0,122.0,36.0,2.0,1.0,14.0,0.0,1.0,,1097.0,0.0,12.0,,,,,,,,,,,,,https://www.ptt.cc/bbs/nCoV2019/M.1620800672.A.C2B.html,,,,,,,,,,,,,,,,,,,,,,,,,,,,,,,,,,,,,,,,,,,,,,,,,,,,,,,,,,,,,,,,,,,,,,,,,,,,,,,,,,,,,,,,,,,,,,,,,,,,,,,,,,,,,,,,,,,,,,,,,,,,,,,,,,,,,,,,,,,,,,,,,,,,,,,,,,,,,,,,,,,,,,,,,,,,,,,,,,
2021-05-12,臺北萬華2茶室員工確診,,316200.0,,,315100.0,,,,,,17126.0,,,113489.0,,113489.0,,113489.0,,,,,,,,,,,,,,,,,,,,,,,,,,,,,,,,,,,201611.0,,,次日回推累計,12.0,1068.0,13.0,0.0,0.0,135.0,36.0,2.0,1.0,14.0,0.0,1.0,,1102.0,0.0,12.0,,,,,,,,,,,,,https://www.ptt.cc/bbs/nCoV2019/M.1620900234.A.650.html,,,,,,,,,,,,,,,,,,,,,,,,,,,,,,,,,,,,,,,,,,,,,,,,,,,,,,,,,,,,,,,,,,,,,,,,,,,,,,,,,,,,,,,,,,,,,,,,,,,,,,,,,,,,,,,,,,,,,,,,,,,,,,,,,,,,,,,,,,,,,,,,,,,,,,,,,,,,,,,,,,,,,,,,,,,,,,,,,,
2021-05-13,,,316200.0,,,315100.0,,,,13665.0,2515.0,16180.0,,,129669.0,0.0,129669.0,,129669.0,,,,,,,,,,,,,,,,,,,,,,,,,,,,,,,,,,,185431.0,https://www.ptt.cc/bbs/nCoV2019/M.1620900234.A.650.html,,自費累計突破3萬,5.0,1073.0,29.0,0.0,0.0,164.0,36.0,2.0,1.0,14.0,0.0,1.0,,1107.0,0.0,12.0,,,,,,,,,,,,,https://www.ptt.cc/bbs/nCoV2019/M.1620972645.A.272.html,,,,,,,,,,,,,,,,,,,,,,,,,,,,,,,,,,,,,,,,,,,,,,,,,,,,,,,,,,,,,,,,,,,,,,,,,,,,,,,,,,,,,,,,,,,,27489.0,,,,20774.0,,,,20104.0,,,,18599.0,,,,19745.0,,,,7753.0,,,,7056.0,,,,3672.0,,,,3749.0,,,,1660.0,,,,2494.0,,,,3225.0,,,,2748.0,,,,2762.0,,,,2553.0,,,,2253.0,,,,2937.0,,,,2152.0,,,,,,,,657.0,,,,263.0,,,,220.0,,
2021-05-14,,,316200.0,,,315100.0,,,,,,34152.0,,,186149.0,,,,,,,,,,,,,,,,,,,,,,,,,,,,,,,,,,,,,,,,,,,5.0,1078.0,180.0,0.0,0.0,344.0,36.0,2.0,1.0,14.0,0.0,1.0,,1116.0,0.0,12.0,,,,,,,,,,,,,https://www.ptt.cc/bbs/nCoV2019/M.1621058691.A.6E4.html,,,,,,,,,,,,,,,,,,,,,,,,0.0,0.0,0.0,0.0,0.0,0.0,0.0,0.0,0.0,0.0,0.0,0.0,0.0,0.0,0.0,0.0,0.0,,0.0,0.0,0.0,0.0,,,,,,,,,,,,,,,,,,,,,,,,,,,,,,,,,,,,,,,,,,,,,,27489.0,,3905.0,31394.0,20774.0,,6356.0,27130.0,20104.0,,4675.0,24779.0,18599.0,,3454.0,22053.0,19745.0,,3621.0,23366.0,7753.0,,840.0,8593.0,7056.0,,2176.0,9232.0,3672.0,,917.0,4589.0,3749.0,,826.0,4575.0,1660.0,,629.0,2289.0,2494.0,,414.0,2908.0,3225.0,,657.0,3882.0,2748.0,,458.0,3206.0,2762.0,,973.0,3735.0,2553.0,,466.0,3019.0,2253.0,,469.0,2722.0,2937.0,,479.0,3416.0,2152.0,,604.0,2756.0,,,,,657.0,,184.0,841.0,263.0,,100.0,363.0,220.0,,0.0,220.0
2021-05-15,雙北疫情警戒升第三級 / 停止自費疫苗預約,,316200.0,,,315100.0,,,,,,,,,,,,,,,,,,,,,,,,,,,,,,,,,,,,,,,,,,,,,,,,,,,本土暴增180例,1.0,1079.0,206.0,0.0,78.0,550.0,36.0,2.0,1.0,14.0,0.0,1.0,1682.0,1074.0,0.0,12.0,,,,,,,,,,,,,https://www.ptt.cc/bbs/nCoV2019/M.1621145364.A.4CE.html,,,,,,,,,,,,,,,,,,,,,,,,,,,,,,,,,,,,,,,,,,,,,,,,,,,,,,,,,,,,,,,,,,,,,,,,,,,,,,,,,,,,,,,,,,,,,,,,,,,,,,,,,,,,,,,,,,,,,,,,,,,,,,,,,,,,,,,,,,,,,,,,,,,,,,,,,,,,,,,,,,,,,,,,,,,,,,,,,,
2021-05-16,,,316200.0,,,315100.0,,,,,,,,,194678.0,,,,,,,,,,,,,,,,,,,,,,,,,,,,,,,,,,,,,,,,,,,2.0,1081.0,333.0,0.0,202.0,883.0,36.0,2.0,1.0,14.0,0.0,1.0,,1123.0,0.0,12.0,1219.0,,,,,,,,,,,,https://www.ptt.cc/bbs/nCoV2019/M.1621231639.A.503.html,https://i.imgur.com/4aDLWi5.jpg,,,,,,,,,,,,,,,,,,,,,,,,,,,,,,,,,,,,,,,,,,,,,,,,,,,,,,,,,,,,,,,,,,,,,,,,,,,,,,,,,,,,,,,,,,,,,,,,,,,,,,,,,,,,,,,,,,,,,,,,,,,,,,,,,,,,,,,,,,,,,,,,,,,,,,,,,,,,,,,,,,,,,,,,,,,,,,,,,
2021-05-17,,,316200.0,,,315100.0,,,,,,25674.0,,,220352.0,,,,,,,,,,,,,,,,,,,,,,,,,,,,,,,,,,,,,,,,,,,5.0,1086.0,240.0,0.0,216.0,1121.0,36.0,2.0,1.0,14.0,2.0,3.0,,1127.0,2.0,14.0,,,,,,,,,,,,,https://www.ptt.cc/bbs/nCoV2019/M.1621317833.A.1E7.htm,,,,,,,,,,,,,,,,,,,,,,,,,,,,,,,,,,,,,,,,,,,,,,,,,,,,,,,,,,,,,,,,,,,,,,,,,,,,,,,,,,,,,,,,,,,,40045.0,,,,32809.0,,,,29635.0,,,,,,,,26558.0,,,,10303.0,,,,11636.0,,,,531.0,,,,,,,,2836.0,,,,,,,,4926.0,,,,3412.0,,,,4580.0,,,,3495.0,,,,3623.0,,,,3851.0,,,,3052.0,,,,1202.0,,,,986.0,,,,,,,,,,
2021-05-18,,,316200.0,,,315100.0,,,,,,24656.0,,,245008.0,,,,,,,,,,,,,,,,,,,,,,,,,,,,,,,,,,,,,,,,,,,8.0,1094.0,267.0,0.0,260.0,1386.0,36.0,2.0,1.0,14.0,2.0,5.0,2533.0,1133.0,0.0,14.0,,,,,,,,,,,,,https://www.ptt.cc/bbs/nCoV2019/M.1621404521.A.8F2.html,,,,,,,,,,,,,,,,,,,,,,,,0.0,0.0,0.0,0.0,0.0,,,0.0,0.0,0.0,0.0,0.0,,0.0,0.0,0.0,0.0,0.0,0.0,0.0,,,,,,,,,,,,,,,,,,,,,,,,,,,,,,,,,,,,,,,,,,,,,,,,40045.0,42657.0,1964.0,42009.0,32809.0,37774.0,3996.0,36805.0,29635.0,32759.0,3002.0,32637.0,,26876.0,,,26558.0,29949.0,3391.0,29949.0,10303.0,11295.0,962.0,11265.0,11636.0,12981.0,1202.0,12838.0,531.0,5818.0,1.0,496.0,,5861.0,,,2836.0,3737.0,570.0,3406.0,,4513.0,,,4926.0,5338.0,311.0,5237.0,3412.0,3828.0,414.0,3826.0,4580.0,5351.0,771.0,5351.0,3495.0,3724.0,219.0,3714.0,3623.0,4016.0,391.0,4014.0,3851.0,4379.0,504.0,4355.0,3052.0,3379.0,304.0,3356.0,1202.0,,218.0,1420.0,986.0,1043.0,57.0,1043.0,,471.0,,,,276.0,,
2021-05-19,AZ#3抵臺41萬劑 / 全國疫情警戒升第三級,410400.0,726600.0,,,315100.0,,,,,,19581.0,,,264589.0,,266415.0,,,,,,,,,,,,,,,,,,,,,,,,,,,,,,,,,,,,,,,,,9.0,1103.0,286.0,0.0,188.0,1669.0,36.0,2.0,1.0,14.0,3.0,8.0,2825.0,,1.0,15.0,,,,,,,,,,,,,https://www.ptt.cc/bbs/nCoV2019/M.1621490880.A.F3D.html,,,,,,,,,,,,,,,,,,,,,,,,0.0,0.0,0.0,0.0,0.0,0.0,0.0,0.0,0.0,0.0,0.0,0.0,0.0,0.0,0.0,0.0,0.0,,0.0,0.0,0.0,0.0,,,,,,,,,,,,,,,,,,,,,,,,,,,,,,,,,,,,,,,,,,,,,,42657.0,45143.0,1118.0,43775.0,37774.0,41171.0,3231.0,41005.0,32759.0,35001.0,2240.0,34999.0,26876.0,28398.0,1388.0,28264.0,29949.0,32921.0,2971.0,32920.0,11295.0,12160.0,844.0,12139.0,12981.0,14471.0,1473.0,14454.0,5818.0,6423.0,597.0,6415.0,5861.0,6325.0,464.0,6325.0,3737.0,3962.0,225.0,3962.0,4513.0,4887.0,374.0,4887.0,5338.0,5773.0,435.0,5773.0,3828.0,4007.0,179.0,4007.0,5351.0,5920.0,567.0,5918.0,3724.0,4067.0,338.0,4062.0,4016.0,4138.0,78.0,4094.0,4379.0,4451.0,36.0,4415.0,3379.0,3645.0,265.0,3644.0,,1577.0,,,1043.0,1065.0,22.0,1065.0,471.0,590.0,119.0,590.0,276.0,320.0,44.0,320.0
2021-05-20,,,726600.0,,,315100.0,,0.0,,,,15232.0,,,281647.0,,282191.0,,,,,,,,,,,,,,,,,,,,,,,,,,,,,,,,,,,,,,,,,3.0,1106.0,312.0,0.0,120.0,1980.0,36.0,2.0,1.0,14.0,1.0,9.0,3139.0,,0.0,15.0,,,,,,,,,,,,,https://www.cdc.gov.tw/Bulletin/Detail/-cxOeHRhcVf1aXh8L3E7DA?typeid=9,,,,,,,,,,,,,,,,,,,,,,,,0.0,0.0,0.0,0.0,0.0,0.0,0.0,0.0,0.0,0.0,0.0,0.0,0.0,0.0,0.0,0.0,0.0,0.0,0.0,0.0,0.0,0.0,,,,,,,,,,,,,,,,,,,,,,,,,,,,,,,,,,,,,,,,,,,,,,45143.0,47263.0,1823.0,46966.0,41171.0,44032.0,2803.0,43974.0,35001.0,37221.0,2218.0,37219.0,28398.0,29486.0,1153.0,29551.0,32921.0,35752.0,2853.0,35774.0,12160.0,12561.0,323.0,12483.0,14471.0,15613.0,1050.0,15521.0,6423.0,6893.0,461.0,6884.0,6325.0,6452.0,153.0,6478.0,3962.0,4057.0,96.0,4058.0,4887.0,5322.0,436.0,5323.0,5773.0,5882.0,110.0,5883.0,4007.0,4149.0,139.0,4146.0,5920.0,6183.0,262.0,6182.0,4067.0,4553.0,486.0,4553.0,4138.0,4095.0,70.0,4208.0,4451.0,4595.0,72.0,4523.0,3645.0,4132.0,361.0,4006.0,1577.0,1724.0,123.0,1700.0,1065.0,1172.0,114.0,1179.0,590.0,678.0,88.0,678.0,320.0,376.0,38.0,358.0
2021-05-21,,,726600.0,,,315100.0,,0.0,,,,17653.0,,,299844.0,,300475.0,,,,,,,,,,,,,,,,,,,,,,,,,,,,,,,,,,,,,,,,,2.0,1108.0,321.0,400.0,152.0,2701.0,36.0,2.0,1.0,14.0,0.0,9.0,3862.0,,2.0,17.0,,,,,,,,,,,,,https://www.ptt.cc/bbs/nCoV2019/M.1621663432.A.081.htm,,,,,,,,,,,,,,,,,,,,,,,,0.0,0.0,0.0,0.0,0.0,0.0,0.0,0.0,0.0,0.0,0.0,0.0,0.0,0.0,0.0,0.0,0.0,0.0,0.0,0.0,0.0,0.0,,,,,,,,,,,,,,,,,,,,,,,,,,,,,,,,,,,,,,,,,,,,,,47263.0,50383.0,3099.0,50362.0,44032.0,47472.0,3018.0,47050.0,37221.0,38882.0,1661.0,38882.0,29486.0,31827.0,2334.0,31820.0,35752.0,37878.0,2126.0,37878.0,12561.0,12990.0,429.0,12990.0,15613.0,16891.0,1169.0,16782.0,6893.0,7399.0,506.0,7399.0,6452.0,6846.0,394.0,6846.0,4057.0,4395.0,338.0,4395.0,5322.0,5706.0,312.0,5634.0,5882.0,6080.0,198.0,6080.0,4149.0,4235.0,86.0,4235.0,6183.0,6702.0,519.0,6702.0,4553.0,4784.0,231.0,4784.0,4095.0,4208.0,113.0,4208.0,4595.0,4889.0,294.0,4889.0,4132.0,4602.0,470.0,4602.0,1724.0,1835.0,111.0,1835.0,1172.0,1274.0,102.0,1274.0,678.0,788.0,110.0,788.0,376.0,409.0,33.0,409.0
2021-05-22,,,726600.0,,,315100.0,,,,,,,,,,,,,,,,,,,,,,,,,,,,,,,,,,,,,,,,,,,,,,,,,,,,3.0,1111.0,287.0,170.0,204.0,3158.0,36.0,2.0,1.0,14.0,0.0,9.0,4322.0,,6.0,23.0,,,,,,,,,,,,,https://www.ptt.cc/bbs/nCoV2019/M.1621750106.A.4DF.html,https://www.ptt.cc/bbs/Gossiping/M.1621836075.A.235.html,,,,,,,,,,,,,,,,,,,,,,,,,,,,,,,,,,,,,,,,,,,,,,,,,,,,,,,,,,,,,,,,,,,,,,,,,,,,,,,,,,,,,,,,,,,,,,,,,,,,,,,,,,,,,,,,,,,,,,,,,,,,,,,,,,,,,,,,,,,,,,,,,,,,,,,,,,,,,,,,,,,,,,,,,,,,,,,,,
2021-05-23,臺北信義區長照機構群聚感染,,726600.0,,,315100.0,,0.0,,,,2223.0,261660.0,41038.0,302698.0,0.0,302698.0,,302698.0,,,,,,,,,,,,,,,,,,,,,,,,,,,,,,,,,,,12402.0,https://www.ptt.cc/bbs/nCoV2019/M.1621868883.A.C61.html,,疫苗剩約1000劑,5.0,1116.0,334.0,256.0,168.0,3748.0,36.0,2.0,1.0,14.0,0.0,9.0,4917.0,,6.0,29.0,1046.0,,,,,,,,,,,,https://www.ptt.cc/bbs/nCoV2019/M.1621836766.A.9AE.html,https://i.imgur.com/4aDLWi5.jpg,,,,,,,,,,,,,,,,,,,,,,,0.0,0.0,0.0,0.0,0.0,0.0,0.0,0.0,0.0,0.0,0.0,0.0,0.0,0.0,0.0,0.0,0.0,0.0,0.0,0.0,0.0,0.0,,,,,,,,,,,,,,,,,,,,,,,,,,,,,,,,,,,,,,,,,,,,,,50383.0,51262.0,879.0,51262.0,47472.0,48374.0,377.0,47849.0,38882.0,38964.0,0.0,38882.0,31827.0,31827.0,0.0,31827.0,37878.0,37888.0,11.0,37889.0,12990.0,13529.0,467.0,13457.0,16891.0,16939.0,1.0,16892.0,7399.0,7436.0,37.0,7436.0,6846.0,6950.0,105.0,6951.0,4395.0,4429.0,34.0,4429.0,5706.0,5706.0,0.0,5706.0,6080.0,6281.0,199.0,6279.0,4235.0,4247.0,0.0,4235.0,6702.0,6725.0,0.0,6702.0,4784.0,4795.0,10.0,4794.0,4208.0,4219.0,11.0,4219.0,4889.0,4961.0,48.0,4937.0,4602.0,4701.0,34.0,4636.0,1835.0,1864.0,10.0,1845.0,1274.0,1274.0,0.0,1274.0,788.0,788.0,0.0,788.0,409.0,409.0,0.0,409.0
2021-05-24,,,726600.0,,,315100.0,,0.0,,,,8110.0,,,311678.0,,311679.0,,,,,,,,,,,,,,,,,,,,,,,,,,,,,,,,,,,,,,,,,2.0,1118.0,281.0,261.0,218.0,4285.0,36.0,2.0,1.0,14.0,5.0,14.0,,,6.0,35.0,,,,,,,,,,,,,https://www.ptt.cc/bbs/nCoV2019/M.1621922579.A.340.html,,,,,,,,,,,,,,,,,,,,,,,,0.0,0.0,0.0,0.0,0.0,0.0,0.0,0.0,0.0,0.0,0.0,0.0,0.0,0.0,0.0,0.0,0.0,0.0,0.0,0.0,0.0,0.0,,,,,,,,,,,,,,,,,,,,,,,,,,,,,,,,,,,,,,,,,,,,,,51262.0,52879.0,2100.0,53362.0,48374.0,50199.0,1775.0,50149.0,38964.0,39234.0,271.0,39235.0,31827.0,32939.0,1074.0,32901.0,37888.0,38672.0,785.0,38673.0,13529.0,13880.0,350.0,13879.0,16939.0,17245.0,162.0,17101.0,7436.0,7605.0,136.0,7572.0,6950.0,7195.0,213.0,7163.0,4429.0,4486.0,57.0,4486.0,5706.0,5773.0,67.0,5773.0,6281.0,6501.0,143.0,6424.0,4247.0,4369.0,122.0,4369.0,6725.0,6936.0,139.0,6864.0,4795.0,4981.0,180.0,4975.0,4219.0,4407.0,155.0,4374.0,4961.0,5101.0,140.0,5101.0,4701.0,4801.0,100.0,4801.0,1864.0,1946.0,82.0,1946.0,1274.0,1333.0,59.0,1333.0,788.0,788.0,0.0,788.0,409.0,409.0,0.0,409.0
2021-05-25,,,726600.0,,,315100.0,,0.0,,,,7986.0,,,319665.0,,319795.0,,,,,,,,,,,,,,,,,,,,,,,,,,,,,,,,,,,,,,,,,2.0,1120.0,302.0,331.0,230.0,4918.0,36.0,2.0,1.0,14.0,0.0,14.0,6091.0,,11.0,46.0,,,,,,,,,,,,,https://www.cdc.gov.tw/Bulletin/Detail/UGe-M0H22tYXGqziLPHLGQ?typeid=9,,,,,,,,,,,,,,,,,,,,,,,,0.0,0.0,0.0,0.0,0.0,0.0,0.0,0.0,0.0,0.0,0.0,0.0,0.0,0.0,0.0,0.0,0.0,0.0,0.0,0.0,0.0,0.0,,,,,,,,,,,,,,,,,,,,,,,,,,,,,,,,,,,,,,,,,,,,,,52879.0,55223.0,2347.0,55226.0,50199.0,51518.0,1259.0,51458.0,39234.0,39681.0,447.0,39681.0,32939.0,34067.0,1010.0,33949.0,38672.0,39204.0,532.0,39204.0,13880.0,14376.0,482.0,14362.0,17245.0,17766.0,510.0,17755.0,7605.0,7618.0,46.0,7651.0,7195.0,7286.0,111.0,7306.0,4486.0,4600.0,114.0,4600.0,5773.0,5797.0,24.0,5797.0,6501.0,6579.0,78.0,6579.0,4369.0,4523.0,154.0,4523.0,6936.0,7195.0,259.0,7195.0,4981.0,5072.0,97.0,5078.0,4407.0,4431.0,35.0,4442.0,5101.0,5233.0,132.0,5233.0,4801.0,4957.0,156.0,4957.0,1946.0,1982.0,36.0,1982.0,1333.0,1391.0,58.0,1391.0,788.0,810.0,22.0,810.0,409.0,486.0,77.0,486.0
2021-05-26,AZ#3封緘,,726600.0,600.0,,724900.0,,0.0,,,,5452.0,,,325247.0,,326019.0,,,,,,,,,,,,,,,,,,,,,,,,,,,,,,,,,,,,,,,,,4.0,1124.0,401.0,266.0,128.0,5584.0,36.0,2.0,1.0,14.0,1.0,15.0,6761.0,,13.0,59.0,,,,,,,,,,,,,https://www.ptt.cc/bbs/nCoV2019/M.1621909524.A.401.html,,,,,,,,,,,,,,,,,,,,,,,,0.0,0.0,0.0,0.0,0.0,0.0,0.0,0.0,0.0,0.0,0.0,0.0,0.0,0.0,0.0,0.0,0.0,0.0,0.0,0.0,0.0,0.0,,,,,,,,,,,,,,,,,,,,,,,,,,,,,,,,,,,,,,,,,,,,,,55223.0,57291.0,1706.0,56929.0,51518.0,52005.0,487.0,52005.0,39681.0,40510.0,829.0,40510.0,34067.0,34747.0,679.0,34746.0,39204.0,39522.0,317.0,39521.0,14376.0,14562.0,186.0,14562.0,17766.0,18144.0,282.0,18048.0,7618.0,7663.0,45.0,7663.0,7286.0,7532.0,246.0,7532.0,4600.0,4622.0,22.0,4622.0,5797.0,5832.0,35.0,5832.0,6579.0,6633.0,33.0,6612.0,4523.0,4772.0,111.0,4634.0,7195.0,7334.0,139.0,7334.0,5072.0,5115.0,43.0,5115.0,4431.0,4466.0,13.0,4444.0,5233.0,5510.0,146.0,5379.0,4957.0,4957.0,0.0,4957.0,1982.0,2006.0,24.0,2006.0,1391.0,1415.0,24.0,1415.0,810.0,863.0,53.0,863.0,486.0,518.0,32.0,518.0
2021-05-27,AZ#3配送,,726600.0,,409800.0,724900.0,150000.0,0.0,,,,7697.0,,,333716.0,1641.0,335357.0,,335357.0,,,,,,,,,,,,,,,,,,,,,,,,,,,,,,,,,,,389543.0,https://i.imgur.com/2ESdYCm.png,,,2.0,1126.0,297.0,258.0,118.0,6136.0,36.0,2.0,1.0,14.0,3.0,18.0,7315.0,,19.0,78.0,,,,,,,,,,,,,https://www.cdc.gov.tw/Bulletin/Detail/NOEfl9Gg6sI7AyhGzOggHw?typeid=9,,,,,,,,,,,,,,,,,,,,,,,,0.0,0.0,0.0,0.0,0.0,0.0,0.0,0.0,0.0,0.0,0.0,0.0,0.0,0.0,0.0,0.0,0.0,0.0,0.0,0.0,0.0,0.0,,,,,,,,,,,,,,,,,,,,,,,,,,,,,,,,,,,,,,,,,,,,,,57291.0,58547.0,1066.0,58357.0,52005.0,53845.0,931.0,52936.0,40510.0,41346.0,834.0,41344.0,34747.0,35859.0,1111.0,35858.0,39522.0,39880.0,358.0,39880.0,14562.0,14682.0,120.0,14682.0,18144.0,18582.0,416.0,18560.0,7663.0,7833.0,170.0,7833.0,7532.0,7572.0,40.0,7572.0,4622.0,4666.0,44.0,4666.0,5832.0,5956.0,124.0,5956.0,6633.0,6822.0,167.0,6800.0,4772.0,4960.0,188.0,4960.0,7334.0,7685.0,351.0,7685.0,5115.0,5920.0,791.0,5906.0,4466.0,4961.0,137.0,4603.0,5510.0,6191.0,633.0,6143.0,4957.0,5031.0,74.0,5031.0,2006.0,2017.0,11.0,2017.0,1415.0,1524.0,87.0,1502.0,863.0,896.0,33.0,896.0,518.0,582.0,11.0,529.0
2021-05-28,MDN#1抵臺15萬劑 / AZ#3開打 / 簽約國產10M劑,150000.0,876600.0,,,724900.0,,0.0,,42872.0,48.0,42920.0,337144.0,41133.0,378277.0,0.0,378277.0,,378277.0,,,,,,,,,,,,,,,,,,,,,,,,,,,,,,,,,,,346623.0,https://i.imgur.com/2ESdYCm.png,https://www.cna.com.tw/news/firstnews/202105290106.aspx,,7.0,1133.0,320.0,166.0,95.0,6620.0,36.0,2.0,1.0,14.0,2.0,20.0,7806.0,,21.0,99.0,,,,,,,,,,,,,https://www.ptt.cc/bbs/nCoV2019/M.1622268690.A.DB8.html,,,,,,,,,,,,,,,,,,,,,,,,0.0,0.0,0.0,0.0,0.0,0.0,0.0,0.0,0.0,0.0,0.0,0.0,0.0,0.0,0.0,0.0,0.0,0.0,0.0,0.0,0.0,0.0,,,,,,,,,,,,,,,,,,,,,,,,,,,,,,,,,,,,,,,,,,,,,,58547.0,63926.0,5164.0,63711.0,53845.0,59401.0,5502.0,59347.0,41346.0,44566.0,3196.0,44542.0,35859.0,45434.0,7768.0,43627.0,39880.0,44156.0,4276.0,44156.0,14682.0,20138.0,4762.0,19444.0,18582.0,20284.0,1685.0,20267.0,7833.0,9860.0,1978.0,9811.0,7572.0,8215.0,643.0,8215.0,4666.0,4993.0,176.0,4842.0,5956.0,7569.0,1610.0,7566.0,6822.0,8227.0,1405.0,8227.0,4960.0,5811.0,851.0,5811.0,7685.0,8366.0,681.0,8366.0,5920.0,6676.0,755.0,6675.0,4961.0,6008.0,499.0,5460.0,6191.0,6980.0,768.0,6959.0,5031.0,5633.0,580.0,5611.0,2017.0,2419.0,402.0,2419.0,1524.0,1590.0,66.0,1590.0,896.0,1049.0,153.0,1049.0,582.0,582.0,0.0,582.0
2021-05-29,,,876600.0,,,724900.0,,,,,,,,,,,,,,,,,,,,,,,,,,,,,,,,,,,,,,,,,,,,,,,,,,,,0.0,1133.0,266.0,89.0,159.0,6974.0,36.0,2.0,1.0,14.0,1.0,21.0,8160.0,,10.0,109.0,,,,,,,,,,,,,https://www.cdc.gov.tw/Bulletin/Detail/t2k7j_g5n-n90Pss3bchuw?typeid=9,,,,,,,,,,,,,,,,,,,,,,,,,,,,,,,,,,,,,,,,,,,,,,,,,,,,,,,,,,,,,,,,,,,,,,,,,,,,,,,,,,,,,,,,,,,,,,,,,,,,,,,,,,,,,,,,,,,,,,,,,,,,,,,,,,,,,,,,,,,,,,,,,,,,,,,,,,,,,,,,,,,,,,,,,,,,,,,,,,
2021-05-30,政府公告已採購20M國外、10M國產疫苗,,876600.0,,,724900.0,,0.0,,,,36327.0,386167.0,,418210.0,9122.0,427332.0,,427332.0,,,,,,,,,,,,,,,,,,,,,,,,,,,,,,,,,,,297568.0,https://i.imgur.com/0ueFRYr.png,,,4.0,1137.0,274.0,73.0,121.0,7321.0,36.0,2.0,1.0,14.0,0.0,21.0,8511.0,,15.0,124.0,648.0,,,,,,,,,,,,https://www.ptt.cc/bbs/nCoV2019/M.1622440923.A.842.html,https://i.imgur.com/4aDLWi5.jpg,,,,,,,,,,,,,,,,,,,,,,,0.0,0.0,0.0,0.0,0.0,0.0,0.0,0.0,0.0,0.0,0.0,0.0,0.0,0.0,0.0,0.0,0.0,0.0,0.0,0.0,0.0,0.0,,,,,,,,,,,,,,,,,,,,,,,,,,,,,,,,,,,,,,,,,,,,,,63926.0,74666.0,5905.0,69831.0,59401.0,61899.0,2320.0,61721.0,44566.0,49221.0,4651.0,49217.0,45434.0,56364.0,9748.0,55182.0,44156.0,48694.0,4529.0,48685.0,20138.0,27665.0,6067.0,26205.0,20284.0,20828.0,484.0,20768.0,9860.0,10041.0,176.0,10036.0,8215.0,8290.0,74.0,8289.0,4993.0,5889.0,92.0,5085.0,7569.0,9099.0,1528.0,9097.0,8227.0,8374.0,125.0,8352.0,5811.0,5917.0,100.0,5911.0,8366.0,8463.0,88.0,8454.0,6676.0,6687.0,0.0,6676.0,6008.0,6392.0,384.0,6392.0,6980.0,7524.0,34.0,7014.0,5633.0,5656.0,22.0,5655.0,2419.0,2419.0,0.0,2419.0,1590.0,1611.0,0.0,1590.0,1049.0,1049.0,0.0,1049.0,582.0,584.0,0.0,582.0
2021-05-31,,,876600.0,,,724900.0,,642400.0,,34315.0,,34315.0,420482.0,41165.0,461647.0,5571.0,467218.0,,467218.0,,,,,275232.0,11385.0,33963.0,4.0,43990.0,1.0,7548.0,0.0,7131.0,1.0,6912.0,2.0,32346.0,0.0,1166.0,4.0,41165.0,,,,,,,0.0,797.0,0.0,450250.0,11397.0,,,257682.0,https://i.imgur.com/0ueFRYr.png,,,5.0,1142.0,262.0,65.0,70.0,7647.0,36.0,2.0,1.0,14.0,1.0,22.0,8842.0,,13.0,137.0,,,,,,,,,,,,,https://www.ptt.cc/bbs/nCoV2019/M.1622527464.A.274.html,,,,,,,,,,,,,,,,,,,,,,,,114700.0,106300.0,68100.0,63600.0,43000.0,81800.0,11700.0,30800.0,12700.0,16900.0,9500.0,9900.0,12300.0,8800.0,12600.0,10400.0,8800.0,3500.0,9900.0,3400.0,2300.0,1400.0,,,,,,,,,,,,,,,,,,,,,,,,,,,,,,,,,,,,,,,,,,,,,,74666.0,81693.0,4087.0,78753.0,61899.0,71024.0,8228.0,70127.0,49221.0,60785.0,11395.0,60616.0,56364.0,56896.0,143.0,56507.0,48694.0,51023.0,2324.0,51018.0,27665.0,28795.0,910.0,28575.0,20828.0,21448.0,605.0,21433.0,10041.0,11357.0,1305.0,11346.0,8290.0,8605.0,311.0,8601.0,5889.0,6719.0,643.0,6532.0,9099.0,9637.0,538.0,9637.0,8374.0,8827.0,396.0,8770.0,5917.0,6407.0,468.0,6385.0,8463.0,9044.0,496.0,8959.0,6687.0,7119.0,432.0,7119.0,6392.0,7285.0,846.0,7238.0,7524.0,8128.0,168.0,7692.0,5656.0,6106.0,399.0,6055.0,2419.0,2909.0,454.0,2873.0,1611.0,1712.0,101.0,1712.0,1049.0,1049.0,0.0,1049.0,584.0,650.0,66.0,650.0
2021-06-01,苗栗電子業移工宿舍群聚感染,,876600.0,,,724900.0,,688300.0,,33359.0,,33359.0,459387.0,41190.0,500577.0,5295.0,505872.0,,505872.0,,,,,,,,,,,,,,,,,,,,,,,,,,,,,,,,,,,219028.0,https://i.imgur.com/JLP7c8h.png,https://www.ptt.cc/bbs/nCoV2019/M.1622539944.A.953.html,,0.0,1141.0,372.0,177.0,116.0,8195.0,36.0,2.0,1.0,14.0,2.0,24.0,9389.0,,12.0,149.0,,,,,,,,,,,,,https://www.ptt.cc/bbs/nCoV2019/M.1622613908.A.F4D.html,,,,,,,,,,,,,,,,,,,,,,,,139700.0,106300.0,70200.0,73600.0,43000.0,81800.0,13100.0,30800.0,12700.0,16900.0,9500.0,11600.0,12300.0,8800.0,12600.0,10400.0,13000.0,5000.0,9900.0,3400.0,2300.0,1400.0,,,,,,,,,,,,,,,,,,,,,,,,,,,,,,,,,,,,,,,,,,,,,,81693.0,84995.0,2650.0,84343.0,71024.0,80255.0,6845.0,77869.0,60785.0,66962.0,6101.0,66886.0,56896.0,58439.0,613.0,57509.0,51023.0,54688.0,3547.0,54570.0,28795.0,29207.0,411.0,29206.0,21448.0,23786.0,2134.0,23582.0,11357.0,12505.0,1144.0,12501.0,8605.0,10505.0,1882.0,10487.0,6719.0,8662.0,1619.0,8338.0,9637.0,10894.0,1257.0,10894.0,8827.0,9519.0,690.0,9517.0,6407.0,7448.0,997.0,7404.0,9044.0,9789.0,621.0,9665.0,7119.0,7670.0,551.0,7670.0,7285.0,8119.0,794.0,8079.0,8128.0,8343.0,0.0,8128.0,6106.0,7050.0,872.0,6978.0,2909.0,3030.0,109.0,3018.0,1712.0,2075.0,290.0,2002.0,1049.0,1184.0,135.0,1184.0,650.0,747.0,97.0,747.0
2021-06-02,日本擬捐台灣AZ疫苗1000萬劑，6月下旬抵達,,876600.0,,,724900.0,,698300.0,,56157.0,0.0,56157.0,520839.0,41190.0,562029.0,4557.0,566586.0,,566586.0,,,,,,,,,,,,,,,,,,,,,,,,,,,,,,,,,,,158314.0,https://i.imgur.com/V1E1WyG.png,https://www.ptt.cc/bbs/nCoV2019/M.1622625352.A.67C.html,,2.0,1143.0,366.0,219.0,52.0,8778.0,36.0,2.0,1.0,14.0,0.0,24.0,9974.0,,17.0,166.0,,,,,,,,,,,,,https://www.ptt.cc/bbs/nCoV2019/M.1622700689.A.570.html,,,,,,,,,,,,,,,,,,,,,,,,139700.0,106300.0,70200.0,83600.0,43000.0,81800.0,13100.0,30800.0,12700.0,16900.0,9500.0,11600.0,12300.0,8800.0,12600.0,10400.0,13000.0,5000.0,9900.0,3400.0,2300.0,1400.0,,,,,,,,,,,,,,,,,,,,,,,,,,,,,,,,,,,,,,,,,,,,,,84995.0,94204.0,8700.0,93695.0,80255.0,92380.0,10582.0,90837.0,66962.0,77684.0,10579.0,77541.0,58439.0,65993.0,7310.0,65749.0,54688.0,58287.0,2749.0,57437.0,29207.0,32265.0,2703.0,31910.0,23786.0,24777.0,959.0,24745.0,12505.0,14566.0,1710.0,14215.0,10505.0,11807.0,1291.0,11796.0,8662.0,10224.0,1562.0,10224.0,10894.0,12592.0,1694.0,12588.0,9519.0,10324.0,756.0,10275.0,7448.0,8395.0,946.0,8394.0,9789.0,10242.0,452.0,10241.0,7670.0,8979.0,1309.0,8979.0,8119.0,8850.0,721.0,8840.0,8343.0,8822.0,123.0,8466.0,7050.0,7766.0,651.0,7701.0,3030.0,3795.0,764.0,3794.0,2075.0,2287.0,210.0,2285.0,1184.0,1403.0,219.0,1403.0,747.0,944.0,167.0,914.0
2021-06-03,,,876600.0,,,724900.0,,703100.0,,54736.0,0.0,54736.0,580132.0,41190.0,621322.0,2810.0,624132.0,,624132.0,,,,,,,,,,,,,,,,,,,,,,,,,,,,,,,,,,,100768.0,https://i.imgur.com/Fee1BDd.png,https://www.ptt.cc/bbs/nCoV2019/M.1622852761.A.416.html,,2.0,1145.0,339.0,133.0,6.0,9248.0,36.0,2.0,1.0,14.0,2.0,26.0,10446.0,,21.0,187.0,,,,,,,,,,,,,https://www.cdc.gov.tw/Bulletin/Detail/mSN0dJTnpFimudzTCyQ9sg?typeid=9,,,,,,,,,,,,,,,,,,,,,,,,140900.0,106300.0,70600.0,84300.0,43000.0,83400.0,13100.0,30800.0,12700.0,17400.0,9500.0,11600.0,12400.0,8800.0,12600.0,10400.0,13200.0,5100.0,9900.0,3400.0,2300.0,1400.0,,,,,,,,,,,,,,,,,,,,,,,,,,,,,,,,,,,,,,,,,,,,,,94204.0,104663.0,9634.0,103838.0,92380.0,104192.0,11627.0,104007.0,77684.0,82618.0,4771.0,82455.0,65993.0,74952.0,8709.0,74702.0,58287.0,62643.0,4353.0,62640.0,32265.0,35900.0,3259.0,35524.0,24777.0,26478.0,1413.0,26190.0,14566.0,16638.0,1917.0,16483.0,11807.0,13175.0,1361.0,13168.0,10224.0,11461.0,1237.0,11461.0,12592.0,13265.0,666.0,13258.0,10324.0,10495.0,95.0,10419.0,8395.0,9544.0,1149.0,9544.0,10242.0,11175.0,831.0,11073.0,8979.0,9858.0,879.0,9858.0,8850.0,9426.0,519.0,9369.0,8822.0,9140.0,121.0,8943.0,7766.0,8592.0,821.0,8587.0,3795.0,4574.0,666.0,4461.0,2287.0,2515.0,228.0,2515.0,1403.0,1710.0,307.0,1710.0,944.0,1118.0,173.0,1117.0
2021-06-04,日本AZ#4抵臺124萬劑,1238460.0,2115060.0,,,724900.0,,724900.0,,54286.0,0.0,54286.0,637228.0,41190.0,678418.0,3564.0,681982.0,,681982.0,,,,,,,,,,,,,,,,,,,,,,,,,,,,,,,,,,,42918.0,https://i.imgur.com/lomVs3x.png,https://www.ptt.cc/bbs/nCoV2019/M.1622899067.A.FE8.html,,0.0,1145.0,476.0,35.0,0.0,9758.0,36.0,2.0,1.0,14.0,1.0,27.0,10956.0,,37.0,224.0,,,,,,,,,,,,,https://www.cdc.gov.tw/Bulletin/Detail/BNtnNefG-RoQT5bNM5KRfg?typeid=9,,,,,,,,,,,,,,,,,,,,,,,,141000.0,106300.0,81100.0,89400.0,43000.0,83400.0,13600.0,32500.0,12700.0,17400.0,11600.0,11600.0,13000.0,9400.0,12600.0,10400.0,13200.0,5100.0,9900.0,3400.0,2300.0,2000.0,,,,,,,,,,,,,,,,,,,,,,,,,,,,,,,,,,,,,,,,,,,,,,104663.0,117345.0,11254.0,115917.0,104192.0,113916.0,9524.0,113716.0,82618.0,84593.0,1960.0,84578.0,74952.0,85760.0,9850.0,84802.0,62643.0,66855.0,4212.0,66855.0,35900.0,40617.0,4131.0,40031.0,26478.0,28060.0,1502.0,27980.0,16638.0,18360.0,1690.0,18328.0,13175.0,13791.0,616.0,13791.0,11461.0,13623.0,2162.0,13623.0,13265.0,13313.0,48.0,13313.0,10495.0,11451.0,956.0,11451.0,9544.0,11396.0,1852.0,11396.0,11175.0,11900.0,725.0,11900.0,9858.0,10597.0,739.0,10597.0,9426.0,10244.0,784.0,10210.0,9140.0,9298.0,48.0,9188.0,8592.0,9316.0,724.0,9316.0,4574.0,5404.0,709.0,5283.0,2515.0,2761.0,246.0,2761.0,1710.0,2111.0,401.0,2111.0,1118.0,1271.0,153.0,1271.0
2021-06-05,政府公布公費疫苗施打免掛號費,,2115060.0,,,724900.0,,,,,,,,,,,,,,,,,,,,,,,,,,,,,,,,,,,,,,,,,,,,,,,,,,,,0.0,1145.0,335.0,8.0,0.0,10100.0,36.0,2.0,1.0,14.0,1.0,28.0,11298.0,,36.0,260.0,,,,,,,,,,,,,https://www.cdc.gov.tw/Bulletin/Detail/JjN_NyCRNf6UTrNW6xvYhQ?typeid=9,,,,,,,,,,,,,,,,,,,,,,,,,,,,,,,,,,,,,,,,,,,,,,,,,,,,,,,,,,,,,,,,,,,,,,,,,,,,,,,,,,,,,,,,,,,,,,,,,,,,,,,,,,,,,,,,,,,,,,,,,,,,,,,,,,,,,,,,,,,,,,,,,,,,,,,,,,,,,,,,,,,,,,,,,,,,,,,,,,
2021-06-06,美國議員搭軍機訪臺宣布援助疫苗75萬劑,,2115060.0,,,724900.0,,724900.0,,17205.0,0.0,17205.0,652997.0,41190.0,699187.0,11820.0,711007.0,,711007.0,,,,,,,,,,,,,,,,,,,,,,,,,,,,,,,,,,,,https://i.imgur.com/ZCFxuGW.png,https://tinyurl.com/7rzvupt6,,3.0,1148.0,211.0,0.0,0.0,10290.0,36.0,2.0,1.0,14.0,21.0,49.0,11491.0,,26.0,286.0,199.0,,,,,,,,,,,,https://www.cdc.gov.tw/Bulletin/Detail/R1FSxs02pQ9SbzB6uQQ8TA?typeid=9,https://i.imgur.com/4aDLWi5.jpg,,,,,,,,,,,,,,,,,,,,,,,141000.0,106300.0,81100.0,89400.0,43000.0,83400.0,13600.0,32500.0,12700.0,17400.0,11600.0,11600.0,13000.0,9400.0,12600.0,10400.0,13200.0,5100.0,9900.0,3400.0,2300.0,2000.0,,,,,,,,,,,,,,,,,,,,,,,,,,,,,,,,,,,,,,,,,,,,,,117345.0,130077.0,10842.0,128187.0,113916.0,115840.0,1291.0,115207.0,84593.0,92635.0,1027.0,85620.0,85760.0,86073.0,10.0,85770.0,66855.0,67254.0,399.0,67254.0,40617.0,43340.0,2144.0,42761.0,28060.0,28167.0,93.0,28153.0,18360.0,18376.0,0.0,18360.0,13791.0,13803.0,0.0,13791.0,13623.0,13967.0,344.0,13967.0,13313.0,13313.0,0.0,13313.0,11451.0,11954.0,209.0,11660.0,11396.0,12403.0,431.0,11827.0,11900.0,12012.0,95.0,11995.0,10597.0,10609.0,12.0,10609.0,10244.0,10476.0,23.0,10267.0,9298.0,9641.0,138.0,9436.0,9316.0,9327.0,11.0,9327.0,5404.0,5532.0,73.0,5477.0,2761.0,2762.0,0.0,2761.0,2111.0,2112.0,0.0,2111.0,1271.0,1334.0,63.0,1334.0
2021-06-07,開始公費疫苗接種免掛號費 / MDN#1封緘,,2115060.0,1200.0,,724900.0,,724900.0,,13812.0,0.0,13812.0,683629.0,41190.0,724819.0,5512.0,730331.0,,730331.0,,,,,435303.0,21071.0,87116.0,18.0,57894.0,19.0,15907.0,1.0,22448.0,7.0,9020.0,3.0,32604.0,0.0,1307.0,59.0,41190.0,,,,,,,0.0,802.0,0.0,703641.0,21178.0,,,,https://i.imgur.com/Z42l9oS.png,,,0.0,1148.0,219.0,0.0,0.0,10493.0,36.0,2.0,1.0,14.0,16.0,65.0,11694.0,,22.0,308.0,,,,,,,,,,,,,https://www.ptt.cc/bbs/nCoV2019/M.1623132188.A.306.html,,,,,,,,,,,,,,,,,,,,,,,,141000.0,106300.0,81100.0,89400.0,43000.0,83400.0,13600.0,32500.0,12700.0,17400.0,11600.0,11600.0,13000.0,9400.0,12600.0,10400.0,13200.0,5100.0,9900.0,3400.0,2300.0,2000.0,,,,,,,,,,,,,,,,,,,,,,,,,,,,,,,,,,,,,,,,,,,,,,130077.0,137199.0,4740.0,134817.0,115840.0,116509.0,660.0,116500.0,92635.0,93829.0,171.0,92806.0,86073.0,87002.0,473.0,86546.0,67254.0,71152.0,3891.0,71145.0,43340.0,44683.0,535.0,43875.0,28167.0,28793.0,590.0,28757.0,18376.0,18496.0,119.0,18495.0,13803.0,13803.0,0.0,13803.0,13967.0,13967.0,0.0,13967.0,13313.0,13992.0,567.0,13880.0,11954.0,12820.0,799.0,12753.0,12403.0,12803.0,359.0,12762.0,12012.0,12388.0,128.0,12140.0,10609.0,10732.0,123.0,10732.0,10476.0,10678.0,181.0,10657.0,9641.0,9940.0,0.0,9641.0,9327.0,9430.0,103.0,9430.0,5532.0,5532.0,0.0,5532.0,2762.0,2982.0,219.0,2981.0,2112.0,2168.0,55.0,2167.0,1334.0,1433.0,99.0,1433.0
2021-06-08,,,2115060.0,,148800.0,873700.0,,724900.0,,13247.0,0.0,13247.0,702386.0,41192.0,743578.0,3420.0,746998.0,,746998.0,0.0,0.0,0.0,0.0,,,,,,,,,,,,,,,,,,,,,,,,,,,,,429.0,221.0,,https://i.imgur.com/3Ewt1Aq.png,https://i.imgur.com/KIDkVQI.png,,1.0,1149.0,274.0,0.0,0.0,10766.0,36.0,2.0,1.0,14.0,1.0,66.0,11968.0,,25.0,333.0,,,,,,,,,,,,,https://www.cdc.gov.tw/Bulletin/Detail/WF6xlOaJgMr0POPnUwWvsw?typeid=9,,,,,,,,,,,,,,,,,,,,,,,,141000.0,106300.0,81100.0,89400.0,43000.0,83400.0,13600.0,32500.0,12700.0,17400.0,11600.0,11600.0,13000.0,9400.0,12600.0,10400.0,13200.0,5100.0,9900.0,3400.0,2300.0,2000.0,,,,,,,,,,,,,,,,,,,,,,,,,,,,,,,,,,,,,,,,,,,,,,137199.0,144190.0,4244.0,141443.0,116509.0,116615.0,131.0,116640.0,93829.0,94726.0,535.0,94364.0,87002.0,86980.0,142.0,87144.0,71152.0,75234.0,4223.0,75375.0,44683.0,45552.0,857.0,45540.0,28793.0,29493.0,671.0,29464.0,18496.0,18632.0,0.0,18496.0,13803.0,14051.0,256.0,14059.0,13967.0,13967.0,0.0,13967.0,13992.0,14025.0,35.0,14027.0,12820.0,13578.0,475.0,13295.0,12803.0,13133.0,476.0,13279.0,12388.0,12656.0,145.0,12533.0,10732.0,10855.0,124.0,10856.0,10678.0,10849.0,169.0,10847.0,9940.0,10197.0,52.0,9992.0,9430.0,9710.0,269.0,9699.0,5532.0,5540.0,11.0,5543.0,2982.0,3227.0,245.0,3227.0,2168.0,2202.0,34.0,2202.0,1433.0,1586.0,153.0,1586.0
2021-06-09,MDN#1開打 / 臺北好心肝違法施打疫苗,,2115060.0,,,873700.0,71500.0,796400.0,,12748.0,0.0,12748.0,759746.0,41206.0,759746.0,3272.0,763018.0,,759650.0,3368.0,3368.0,0.0,0.0,,,,,,,,,,,,,,,,,,72830.0,13659.0,2162.0,24939.0,11502.0,4027.0,,,,,,,,,https://i.imgur.com/oUpP61V.png,https://i.imgur.com/vhRVHSP.jpg,https://www.ptt.cc/bbs/nCoV2019/M.1622976684.A.A0D.html,3.0,1152.0,263.0,0.0,0.0,11017.0,36.0,2.0,1.0,14.0,12.0,78.0,12222.0,,28.0,361.0,,,,,,,,,,,,,https://www.ptt.cc/bbs/nCoV2019/M.1623305628.A.31C.html,,,,,,,,,,,,,,,,,,,,,,,,157700.0,112000.0,89600.0,96700.0,48100.0,90200.0,15200.0,36400.0,14300.0,19200.0,12700.0,13000.0,13900.0,10500.0,14900.0,11500.0,15100.0,5900.0,11200.0,3700.0,2500.0,2100.0,,,,,,,,,,,,,,,,,,,,,,,,,,,,,,,,,,,,,,,,,,,,,,144190.0,,1650.0,145840.0,116615.0,,633.0,117248.0,94726.0,,1158.0,95884.0,86980.0,,152.0,87132.0,75234.0,,4579.0,79813.0,45552.0,,607.0,46159.0,29493.0,,1092.0,30585.0,18632.0,,40.0,18672.0,14051.0,,198.0,14249.0,13967.0,,275.0,14242.0,14025.0,,177.0,14202.0,13578.0,,280.0,13858.0,13133.0,,377.0,13510.0,12656.0,,12.0,12668.0,10855.0,,279.0,11134.0,10849.0,,121.0,10970.0,10197.0,,388.0,10585.0,9710.0,,160.0,9870.0,5540.0,,0.0,5540.0,3227.0,,144.0,3371.0,2202.0,,118.0,2320.0,1586.0,,308.0,1894.0
2021-06-10,高端二期臨床實驗解盲成功,,2115060.0,,,873700.0,,796400.0,,,0.0,19282.0,740991.0,41309.0,782300.0,1151.0,783451.0,7510.0,767160.0,11772.0,15140.0,0.0,0.0,,,,,,,,,,,,,,,,,,,,,,,,,,,,,,,,https://i.imgur.com/TYFXMUf.png,https://www.ptt.cc/bbs/nCoV2019/M.1623317265.A.A6B.html,,1.0,1153.0,286.0,0.0,0.0,11294.0,36.0,2.0,1.0,14.0,9.0,87.0,12500.0,,24.0,385.0,,,,,,,,,,,,,https://www.cdc.gov.tw/Bulletin/Detail/YCIJBF3p851kbsP5H1TZtw?typeid=9,,,,,,,,,,,,,,,,,,,,,,,,,,,,,,,,,,,,,,,,,,,,,,https://www.cna.com.tw/news/firstnews/202106120178.aspx,,,,,,,,,,,,,,,,,,,,,,,,,,,,,,,,,,,,,,,,,,,,,,,,,,,,,,,,,,,,,,,,,,,,,,,,,,,,,,,,,,,,,,,,,,,,,,,,,,,,,,,,,,,,,,,,,,,,,,,,,,,,,,,,,,,,
2021-06-11,AZ#4封緘,,2115060.0,600.0,663100.0,1536800.0,663100.0,,,,0.0,15678.0,757820.0,41309.0,799129.0,1211.0,800340.0,6171.0,774260.0,9507.0,24869.0,0.0,0.0,,,,,,,,,,,,,,,,,,,,,,,,,,,,,,,,https://i.imgur.com/02Anrno.png,,停止公布縣市疫苗接種資料,1.0,1154.0,250.0,0.0,0.0,11539.0,36.0,2.0,1.0,14.0,5.0,92.0,12746.0,,26.0,411.0,,,,,,,,,,,,,https://www.cdc.gov.tw/Bulletin/Detail/MHEOJlq75e2VYGkuBMGeJQ?typeid=9,,70000.0,83000.0,56000.0,70000.0,56000.0,80000.0,13000.0,37000.0,24000.0,29000.0,12000.0,15000.0,11000.0,16000.0,8000.0,19000.0,13500.0,8000.0,18000.0,12300.0,11200.0,1100.0,,,,,,,,,,,,,,,,,,,,,,,https://www.ptt.cc/bbs/Gossiping/M.1623490795.A.48B.html,,,,,,,,,,,,,,,,,,,,,,,,,,,,,,,,,,,,,,,,,,,,,,,,,,,,,,,,,,,,,,,,,,,,,,,,,,,,,,,,,,,,,,,,,,,,,,,,,,,,,,,,,,,,,,,,,,,,,,,,,,,,,,,,,,,,
2021-06-12,,,2115060.0,,,1536800.0,,,75600.0,,,,,,,,,,,,,,,,,,,,,,,,,,,,,,,,,,,,,,,,,,,,,,,,,1.0,1155.0,174.0,0.0,0.0,11713.0,36.0,2.0,1.0,14.0,0.0,92.0,12921.0,,26.0,437.0,,,,,,,,,,,,,https://www.cdc.gov.tw/Bulletin/Detail/iGXRaqo6rnJ0Gh9PFDovyg?typeid=9,,,,,,,,,,,,,,,,,,,,,,,,,,,,,,,,,,,,,,,,,,,,,,,16700.0,9800.0,8500.0,7300.0,5100.0,6800.0,1600.0,3900.0,1600.0,1800.0,1100.0,1400.0,900.0,1100.0,2300.0,1100.0,1900.0,800.0,1300.0,300.0,200.0,100.0,,,,,,,,,,,,,,,,,,,,,,,,,,,,,,,,,,,,,,,,,,,,,,,,,,,,,,,,,,,,,,,,,,,,,,,,,,,,,,,,,,,,,,,,,,,,,,,,,,,,,,,,,,,,,,
2021-06-13,,,2115060.0,,,1536800.0,,,,,,,,,,,,,,,,,,,,,,,,,,,,,,,,,,,,,,,,,,,,,,,,,,,,0.0,1155.0,185.0,0.0,0.0,11898.0,36.0,2.0,1.0,14.0,0.0,92.0,13106.0,5802.0,15.0,452.0,,,,,,,,,,,,,https://www.ptt.cc/bbs/nCoV2019/M.1623650636.A.1C9.html,,,,,,,,,,,,,,,,,,,,,,,,,,,,,,,,,,,,,,,,,,,,,,,,,,,,,,,,,,,,,,,,,,,,,,,,,,,,,,,,,,,,,,,,,,,,,,,,,,,,,,,,,,,,,,,,,,,,,,,,,,,,,,,,,,,,,,,,,,,,,,,,,,,,,,,,,,,,,,,,,,,,,,,,,,,,,,,,,,
2021-06-14,,,2115060.0,,,1536800.0,,1488500.0,,,,54785.0,813816.0,41309.0,855125.0,,,48940.0,823736.0,5845.0,31389.0,,,,,,,,,,,,,,,,,,,,,,,,,,,,,,,,,,https://i.imgur.com/1KI7A3z.png,,,3.0,1158.0,132.0,0.0,0.0,12030.0,36.0,2.0,1.0,14.0,0.0,92.0,13241.0,6188.0,8.0,460.0,,26.0,65.0,12.0,2.0,2.0,0.0,18.0,3.0,1.0,1.0,2.0,https://www.cdc.gov.tw/Bulletin/Detail/DRnT39ZhmbVd21bWvHIEng?typeid=9,,,,,,,,,,,,,,,,,,,,,,,,,,,,,,,,,,,,,,,,,,,,,,,,,,,,,,,,,,,,,,,,,,,,,,,,,,,,,,,,,,,,,,,,,,,,,,,,,,,,,,,,,,,,,,,,,,,,,,,,,,,,,,,,,,,,,,,,,,,,,,,,,,,,,,,,,,,,,,,,,,,,,,,,,,,,,,,,,,
2021-06-15,AZ#4開打 / 疫苗擴大接種至75歲以上長者,,2115060.0,,,1536800.0,,1488500.0,,,,,,,,,,,,,,,,,,,,,,,,,,,,,,,,,,,,,,,,,,,,,,,,,,,,,,,,,,,,,,,,,,,,,,,,,,,,,,,,,,,,,,,,,,,,,,,,,,,,,,,,,,,,,,,,,,,,,,,,,,,,,,,,,,,,,,,,,,,,,,,,,,,,,,,,,,,,,,,,,,,,,,,,,,,,,,,,,,,,,,,,,,,,,,,,,,,,,,,,,,,,,,,,,,,,,,,,,,,,,,,,,,,,,,,,,,,,,,,,,,,,,,,,,,,,,,,,
2021-06-16,臺北機動接種隊,,2115060.0,,,1536800.0,,1488500.0,,,,,,,,,,,,,,,,,,,,,,,,,,,,,,,,,,,,,,,,,,,,,,,,,,,,,,,,,,,,,,,,,,,,,,,,,,,,,,,,,,,,,,,,,,,,,,,,,,,,,,234700.0,207400.0,148400.0,170200.0,104100.0,170200.0,28200.0,75300.0,38300.0,48200.0,25300.0,28000.0,24900.0,27300.0,22900.0,30500.0,28600.0,13900.0,29200.0,16000.0,13700.0,3200.0,https://www.facebook.com/TWCDC/photos/a.187029023406/10159150041378407,,,,,,,,,,,,,,,,,,,,,,,,,,,,,,,,,,,,,,,,,,,,,,,,,,,,,,,,,,,,,,,,,,,,,,,,,,,,,,,,,,,,,,,,,,,,,,,,,,,,,,,,,,,,,,,,,,,,,,,,,,,,,,,,,,,,
2021-06-17,,,2115060.0,,394800.0,1931600.0,394800.0,1883300.0,,,,,,,,,,,,,,,,,,,,,,,,,,,,,,,,,,,,,,,,,,,,,,,,,,,,,,,,,,,,,,,,,,,,,,,,,,,,,,,,54700.0,57900.0,27800.0,37200.0,31700.0,42500.0,8500.0,24600.0,15600.0,16400.0,6500.0,9000.0,5900.0,11400.0,4600.0,12300.0,5900.0,5000.0,10300.0,3000.0,2000.0,2000.0,289400.0,265300.0,176200.0,207400.0,135800.0,212700.0,36700.0,99900.0,53900.0,64600.0,31800.0,37000.0,30800.0,38700.0,27500.0,42800.0,34500.0,18900.0,39500.0,19000.0,15700.0,5200.0,https://www.facebook.com/TWCDC/photos/a.187029023406/10159150041378407,,,,,,,,,,,,,,,,,,,,,,,,,,,,,,,,,,,,,,,,,,,,,,,,,,,,,,,,,,,,,,,,,,,,,,,,,,,,,,,,,,,,,,,,,,,,,,,,,,,,,,,,,,,,,,,,,,,,,,,,,,,,,,,,,,,,
2021-06-18,,,2115060.0,,,1931600.0,,,,,,,,,,,,,,,,,,,,,,,,,,,,,,,,,,,,,,,,,,,,,,,,,,,,,,,,,,,,,,,,,,,,,,,,,,,,,,,,,,,,,,,,,,,,,,,,,,,,,,,,,,,,,,,,,,,,,,,,,,,,,,,,,,,,,,,,,,,,,,,,,,,,,,,,,,,,,,,,,,,,,,,,,,,,,,,,,,,,,,,,,,,,,,,,,,,,,,,,,,,,,,,,,,,,,,,,,,,,,,,,,,,,,,,,,,,,,,,,,,,,,,,,,,,,,,,,,,
2021-06-19,,,2115060.0,,,1931600.0,,,,,,,,,,,,,,,,,,,,,,,,,,,,,,,,,,,,,,,,,,,,,,,,,,,,,,,,,,,,,,,,,,,,,,,,,,,,,,,,,,,,,,,,,,,,,,,,,,,,,,,,,,,,,,,,,,,,,,,,,,,,,,,,,,,,,,,,,,,,,,,,,,,,,,,,,,,,,,,,,,,,,,,,,,,,,,,,,,,,,,,,,,,,,,,,,,,,,,,,,,,,,,,,,,,,,,,,,,,,,,,,,,,,,,,,,,,,,,,,,,,,,,,,,,,,,,,,,,
2021-06-20,,,2115060.0,,,1931600.0,,,,,,,,,,,,,,,,,,,,,,,,,,,,,,,,,,,,,,,,,,,,,,,,,,,,,,,,,,,,,,,,,,,,,,,,,,,,,,,,,,,,,,,,,,,,,,,,,,,,,,,,,,,,,,,,,,,,,,,,,,,,,,,,,,,,,,,,,,,,,,,,,,,,,,,,,,,,,,,,,,,,,,,,,,,,,,,,,,,,,,,,,,,,,,,,,,,,,,,,,,,,,,,,,,,,,,,,,,,,,,,,,,,,,,,,,,,,,,,,,,,,,,,,,,,,,,,,,,
